CC(C)(CNC(=O)N1CCC[C@@H]1C[NH+]1CCC[C@@H]1CO)c1ccccc1F,0
COCc1cc(C[NH2+]CC(=O)NC2CCCCCCC2)n[nH]1,1
CC(=O)Nc1ccc(OCC(=O)N[C@@H](C)c2ccc(Cl)cc2)cc1,2
COc1ccc2c(c1)[C@H]([NH3+])[C@@H](n1ncc3ccccc31)C2,3
Cc1cc(C)c(CN2CCC[C@H](c3nncn3C3CC3)C2)c(C)c1,4
C[C@H](CCc1ccccc1)CC(=O)N1CC[S@](=O)C(C)(C)C1,5
CCc1ccc([C@@H]2CC[NH2+]C[C@H]2CC(C)C)s1,6
COC(=O)c1cc(Sc2ccc(O)cc2)ccc1[N+](=O)[O-],7
CC(=O)NCCNC(=O)N1CCN(C)c2ccccc2C1,8
Cn1cc(C#N)cc1C(=O)[C@H](C#N)c1nnc(-c2ccccc2)n1C,9
CC(C)Oc1ccc(C(=O)Nc2ccccc2Br)cn1,10
CC[NH+](CC)CCCNC(=O)c1sc2cc(F)ccc2c1Cl,11
CCCCN(C)C(=O)NCCNC(=O)c1ccccc1Cl,12
N#C/C(=C\c1ccc(OS(=O)(=O)c2ccccc2)cc1)c1ccc([N+](=O)[O-])cc1,13
Cc1cccc(NCC(=O)N2CCN(S(=O)(=O)c3ccc4c(c3)CCC4)CC2)c1C,14
COC(=O)c1coc(CN2CCN(c3ccc(OC)cc3)C(=O)[C@H]2C)n1,15
Cc1cccc(N(CC(=O)Nc2cccc(Br)c2)S(C)(=O)=O)c1,16
COc1ccc(CCNS(=O)(=O)c2cc(F)cc(F)c2)cc1OC,17
CNC(=O)[C@H]1CN(CCS(=O)(=O)c2ccccc2)CCN1C(=O)c1cccc(C(F)(F)F)c1,18
Cc1ccc(CSCCNS(=O)(=O)N2CCCCC2)cc1,19
C[C@H](Cl)CCc1c[nH+]cn1C1CC1,20
CCCS(=O)(=O)c1ncc(Cl)c(C(=O)Nc2ccc(C)c(Cl)c2)n1,21
C=C1C(=O)O[C@@H]2[C@H]1CC[C@H](C)[C@@H](CCC(=O)[O-])[C@@]2(C)O,22
CCS(=O)(=O)N1CCC(C(=O)O[C@H](C)C(=O)Nc2cccc(F)c2)CC1,23
Cn1c(=O)n(Cc2ccccc2)c(=O)c2c1nc(Cl)n2Cc1ccccc1,24
O=C(c1ccsc1)N1CCC[NH+](C2CCCCCC2)CC1,25
C[C@@H]1CC(C(=O)NC[C@@H](C)[NH+]2CCc3sccc3C2)C[C@@H](C)O1,26
CC[C@@H]([NH2+]Cc1ccc(Cl)nc1)c1cc(C)ccc1OC,27
CCN(C(=O)Cc1cc(OC)c(OC)c(OC)c1)C1CCCCC1,28
CNS(=O)(=O)c1cc(C(=O)N[C@@H](CO)CC(C)(C)C)c(C)o1,29
Cc1cccc(-n2c(SCC(=O)N[C@@H]3CCS(=O)(=O)C3)nc3sc(C)c(C)c3c2=O)c1,30
CCc1cccc2c(C3=CCN(C(=O)NC[C@H]4COCCO4)CC3)c[nH]c12,31
Fc1ccc([C@@H](CC(F)(F)F)N[C@@H]2CCSc3ccccc32)cc1,32
C[C@@H](Sc1ccccn1)C(=O)N/N=C1\C(=O)Nc2ccccc21,33
Cc1ccc(OCC(=O)NS(=O)(=O)c2ccc(C)cc2C)cc1,34
CCCCN1CC(=O)N2[C@@H](CC3=c4ccccc4=[NH+][C@H]3[C@H]2c2ccc(Br)cc2)C1=O,35
C[C@@H]1CCN(C(=O)C2=NN(c3ccccc3)[C@H](C(N)=O)C2)c2ccccc2S1,36
CCOC(=O)c1cc(S(=O)(=O)N2CCOCC2)ccc1Br,37
Cc1cc(C(=O)Nc2ccccc2-n2ccc(C(N)=O)n2)c(C)o1,38
CCCN(c1ncnc(OC(C)C)c1N)C1CC1,39
CS(=O)(=O)N1CCCC[C@H]1C(=O)Nc1nc(-c2ccc(Cl)s2)cs1,40
C[C@@H](NC(=O)CN(C)Cc1nc2ccccc2c(=O)[nH]1)c1cccc(Cl)c1,41
CCN(C)c1cccc(NC(=O)C(=O)NCCc2ccc(C)nc2)c1,42
CN[C@H](c1cnccn1)C1([NH+](C)C)CCCCCC1,43
CC(C)c1ccc([C@@H]2C(C(=O)c3ccc(Cl)cc3)=C([O-])C(=O)N2C[C@@H]2CCCO2)cc1,44
Cc1cnc(SC[C@@H]2CCCN(C(=O)OC(C)(C)C)C2)nc1Cl,45
CCN(CC(=O)NC(C)C)S(=O)(=O)c1ccc2c(c1)OCCO2,46
C=C(C)COCC[NH2+][C@H](C)c1ccc(C)cc1,47
NC(=O)[C@@H]1CCN(C(=O)c2ccc3cc[nH]c3c2)c2ccccc21,48
COc1ccc([C@H]2CCCN2C(=O)CN2C(=O)NC3(CCCCC3)C2=O)cc1OC,49
O=C(COc1ccc(Cl)cc1)NNC(=O)CSc1nc2ccccc2[nH]1,50
Cc1ccc(NC(=O)Cn2nnc(C(=O)Nc3cccc(C)c3C)c2C)cc1F,51
COCCN1C(=O)C(C#N)=C(C)/C(=C\Nc2ccc(C)c([N+](=O)[O-])c2)C1=O,52
O=S(=O)(NC1CCCCC1)c1ccc(Cl)c(S(=O)(=O)NC2CCCCC2)c1,53
CN(C)c1ccc(C(=O)NCCCC(=O)[O-])cn1,54
CC(C)C[C@H]1CSC(N[C@H]2CCCC2(C)C)=[NH+]1,55
Cc1nn(Cc2ccccc2)c(C)c1C[NH2+][C@@H]1CCC[C@H](C(F)(F)F)C1,56
CC(=O)Nc1ccc(Cl)cc1[C@@H](O)c1ccccc1,57
CCn1ncnc1C[C@H](N)[C@@](C)(CC)[NH+]1CCCC1,58
Oc1c(Br)cc(Br)cc1/C=N/N1C(=S)[NH+]=N[C@H]1c1cccnc1,59
O=C(NCCCc1ccccc1)N1CCN(c2ccc(-c3noc(C(F)(F)F)n3)c[nH+]2)CC1,60
Cc1ccc(S(=O)(=O)NCC[C@H]2CCCCN2S(=O)(=O)c2cccs2)cc1Cl,61
C[C@H](NS(=O)(=O)CC1CCC1)c1ccc(F)cc1Cl,62
Cc1ccc(CN2CCN(C(=O)C(=O)N3CCCC3)CC2)s1,63
COC(=O)c1sc2nc(C)nc(-n3ccnc3)c2c1C,64
Cc1ncccc1O[C@@H]1C[C@H](Cl)C12CCCCCC2,65
C[C@](O)(CNC(=O)c1c(F)cccc1F)c1cccs1,66
N#Cc1ccc(NC(=O)[C@@H]2CC(=O)N(c3ccc(Br)cc3)C2)cc1,67
O=C1[C@H]2[C@H]3C=C[C@H](C3)[C@H]2C(=O)N1c1cccc(Cl)c1,68
Cc1nn(C)c(C)c1CCC(=O)N[C@H](c1ccccc1)c1ccc2c(c1)CCCO2,69
COc1ccc([C@H]2[C@H](C(=O)NN3Cc4ccccc4C3)CC(=O)N2C)cc1,70
O=C(N/N=C/C=C/c1ccccc1)[C@H]1C=C(C2CC2)N=N1,71
CC(C)c1nnc(C[NH+]2CC[C@@]3(O)CCN(S(=O)(=O)N(C)C)C[C@H]3C2)o1,72
CC/[NH+]=C(/NCCCn1nc2n(c1=O)CCCC2)N1CC[C@@H](O)C1,73
CC[C@H]1CCC[C@@H]([C@]2([NH3+])C[C@@H]2C)C1,74
C[C@H]1CCC[C@@H](N(Cc2ccc3c(c2)OCO3)C(=O)Nc2cccc(N3CCNC3=O)c2)[C@@H]1C,75
CCc1ncc(C(=O)N2CCSCC2)cn1,76
O=C(NCc1cc(-c2ccccc2)no1)N1CCN(c2ccccc2)CC1,77
Cc1ccc(-[n+]2noc([O-])c2CNCCc2ccc(S(N)(=O)=O)cc2)cc1,78
C[NH+](C)[C@H]1CC[C@H](NC(=O)Nc2ccc3c(c2)CCO3)C1,79
CN(c1nc(Br)cs1)C1CC1,80
CCC[C@H]([NH2+]Cc1c(O)ccc2c(-c3ccccc3)cc(=O)oc12)C(=O)[O-],81
COc1ccc(-n2c(C)cc(C(=O)CN3C(=O)NC4(CCCCCCC4)C3=O)c2C)cc1,82
Brc1cc2c(c3ccccc13)CCOC[C@@H]2Br,83
Cc1nnc(NC(=O)C2(c3ccccc3)CC2)s1,84
CC[NH2+][C@H](Cc1nc(C)c(C)s1)c1cscc1C,85
O=C(c1cc(COc2cccc(F)c2)[nH]n1)N1CCCCCC1,86
Cc1ccc([C@@](C)(O)[C@H](F)C(=O)[O-])cc1F,87
Cc1ccccc1C[C@H]([NH3+])c1cc(C(F)(F)F)ccc1F,88
CC(C)C[NH2+][C@H]1CCOC2(CCCC2)C1,89
Cc1cc(N)nn1COc1ccc(Cl)cc1Cl,90
Nc1ncc(CSc2nc3ccccc3o2)s1,91
C[C@H](NC(=O)C[S@@](=O)Cc1nc(-c2ccccc2)no1)c1ccccc1,92
O=C(COC(=O)c1ccc(N2CCCC2=O)cc1)c1ccccc1,93
CC(=O)Oc1ccc2c(=O)c(-c3csc(C)n3)coc2c1OC(C)=O,94
Cc1ncc(-c2ccc(S(=O)(=O)N[C@@H]3CCCc4ccccc43)cc2)o1,95
C[C@H](Sc1ccc(Cl)cc1)C(=O)Nc1ccc(F)c(Cl)c1,96
CC(=O)NC[C@@H]1CCC[NH+](Cc2nc(-c3ccc(Cl)cc3)no2)C1,97
Cc1nsc(N2CCC[NH+](Cc3cc4ccccc4[nH]c3=O)CC2)n1,98
N#Cc1ccc(NC(=O)c2cccnc2)cc1C#N,99
O=C1NCCCc2[nH]c(-c3ccnc4ccccc34)nc21,100
Cc1cc(C)n2nc(SCc3ccccc3C(=O)N[C@@]3(C)CCS(=O)(=O)C3)nc2n1,101
C[C@H]1C[NH+]=C(N2CCN(C(=O)[C@H](C)n3cncn3)CC2)S1,102
CC1(C)CO[C@@H](c2ccccc2)CN1Cc1ccncc1,103
NC(=O)c1ccc(NC(=O)NCc2ccc(F)cc2)c(F)c1,104
Cc1nc(C[NH2+][C@@H](C)c2ccc(N3CCOCC3)cc2)c(C)s1,105
COc1ccc(C(=O)N[C@@H](C)c2ccc(F)cc2)cc1S(=O)(=O)NC1CC1,106
CC[NH2+][C@H](C)c1nnc(-c2c(F)cc(Br)cc2F)s1,107
COC(=O)CN(C(=O)c1ccc(C(=O)Nc2ccccc2)cc1)C(C)C,108
CCCCNC(=O)[C@H]1CC(=O)N(c2cccc(C)c2C)C1,109
CC[C@H](CNC(=O)CCc1c(C)[nH]c(=O)c(C#N)c1C)c1ccccc1,110
CCCNC(=O)c1cccn2c(=O)c(NC(=O)CC(C)C)cnc12,111
CCN(CC)C(=O)c1ccc([N-]S(=O)(=O)c2cn[nH]c2C)cc1,112
N#Cc1cc2c(=O)n3ccccc3nc2n(CCc2ccccc2)/c1=N/C(=O)c1ccc(F)cc1,113
CC(=O)N1CCc2c([nH]c3ccccc23)[C@H]1c1ccc([N+](=O)[O-])cc1,114
COc1cc([C@H](C)[NH2+][C@H](C)c2ccc(C)c([N+](=O)[O-])c2)ccc1F,115
Cc1cc2nc3c(cn2n1)C(=O)C[C@H](c1ccc(Cl)cc1)C3,116
N#C[C@H](c1ccccc1)c1ccc(N(CCO)CCO)cc1,117
Cc1ncccc1Oc1cc(Cl)ccc1C(N)=S,118
CCCCS[C@@H](C)C(=O)N1CCOC[C@H]1C1CC1,119
CSCCCn1ccc(=O)c2sccc21,120
COC(=O)CCC(=O)Nc1ccc(C#N)c(C(F)(F)F)c1,121
COc1cccc(CNC(=O)COc2ccc(C(C)C)cc2)c1,122
CCc1cc(C#N)c(NC(=O)C2CCN(C(=O)C(C)C)CC2)s1,123
COC(=O)/C=C(\Nc1ccc(C)cc1C)C(N)=O,124
Cc1nc(CC[NH2+][C@H](c2cccs2)C2CC2)cs1,125
O=C(NC1CC[NH+](Cc2ccc(Cl)cc2)CC1)c1ccc2c(c1)CCO2,126
CNC(=O)NC(=O)CCSCc1ccc(Cl)s1,127
O=C(c1csc(-c2ccccc2)n1)N1CCN(Cc2nc(-c3ccsc3)no2)CC1,128
CC(C)[C@H](C)NC(=O)N(C)CCOc1ccccc1F,129
CC(C)(C)c1ccc(CCCC(N)=O)cc1,130
COc1cc(C)ccc1OC(=O)c1csc(-c2cccs2)n1,131
C[C@H]1CCC[C@](C#N)([C@H](O)c2ccc([C@@H]3C[C@@H]3C)o2)C1,132
Cc1ccc(O)c(-n2cc3c(c2-c2cccc(Br)c2)c(=O)n(C)c(=O)n3C)c1,133
Cc1nc(NC(=O)c2ccccn2)sc1-c1nccn1C,134
Cc1cccc(-n2nc(C)cc2NC(=O)[C@H]2CCCO2)c1,135
CC1(C[NH2+][C@@H]2CCCC2(C)C)COC1,136
Cc1ccc(-c2n[nH]cc2CN2CCCC[C@@H]2C2OCCO2)cc1,137
CC[C@@H](C)Oc1cccc(N2CCC(=O)CC2=O)c1,138
CC(C)c1ccc(NC(=O)[C@H]2CC(=O)Nc3nc(-c4cccnc4)nn32)cc1,139
CC[C@@H](Cl)CCc1cc(C)cc(F)c1,140
O=C(Nc1ccccc1F)N(Cc1ccc(F)cc1F)C1CC1,141
C[C@@H]1C[NH+](C[C@@H](C[NH3+])c2ccccc2)C[C@H]1C,142
Cc1c(C(=O)Nc2cc(C#N)ccc2OC(F)F)oc2ccccc12,143
CC[C@](C)([NH2+]CC(=O)Nc1ccc(S(C)(=O)=O)cc1)c1nccs1,144
CSc1nc(N2CCCC2)c2cnn(CCNC(=O)C(C)C)c2n1,145
C[C@H]([NH2+][C@H]1CCO[C@@H]1c1ccc(Cl)c(F)c1)C1CC1,146
CCCOc1nc(Oc2ccc(C)c(C)c2)ccc1N,147
O=C(Nc1nccn(-c2cccc(Cl)c2)c1=O)c1ccccn1,148
CCNc1cc(C)[nH+]c(NCCNC(=O)c2cc3ccccc3oc2=O)n1,149
CC(=O)NCCC[NH2+][C@@H](c1ccccc1F)C1CCCC1,150
CC(C)(C)CC(=O)N1CCC([NH2+]C[C@](C)(O)CN2CCOCC2)CC1,151
NC(=O)[C@H]1CCC[NH+]1CC(=O)Nc1ccc(OCc2ccccc2)cc1,152
CCc1ccc(NC(=O)c2cccc(C(N)=O)c2)c(C(=O)OC)c1,153
CCc1nnc(NC(=O)c2ccccc2NC(=O)c2ccc([N+](=O)[O-])c(C)c2)s1,154
O=C([O-])c1ccc2c(=O)[nH]c(N3CC[NH2+]CC3)nc2c1,155
COC(=O)c1cccc(NC(=O)N2CCc3nc[nH]c3[C@H]2c2ccc(F)cc2F)c1,156
CCc1ccc(-c2noc(CN3c4cccc5cccc(c45)S3(=O)=O)n2)cc1,157
C[C@@H](C(=O)[O-])n1ccc(C(=O)NC2CCCCCCC2)n1,158
COc1ccc(-n2ncc(C(=O)[C@H]3CCCN3C(=O)c3ccncc3)c2N)cc1,159
O=C(NCC1CCC(C(=O)Nc2ccccc2)CC1)c1cc(-c2ccccc2)nc2ncccc12,160
CCc1nc(SCC(=O)NC2CCCC2)nc([O-])c1C#N,161
Cc1nc(C)c(S(=O)(=O)/N=C(\[O-])C[C@H]2CCCO2)s1,162
Cc1ccc(CN2CCN(C(=O)[C@H]3CCCN(S(C)(=O)=O)C3)CC2)cc1,163
Cn1cccc1C(=O)NN[C@@H](C(=O)Nc1ccccc1)c1ccccc1,164
O=C(NCc1ccc(Cl)nc1)N1CCC[C@@H]1C1CCCC1,165
Cc1cc(-n2cncn2)ccc1C(=O)NCC(C1CC1)C1CC1,166
Cc1ccc([C@@H](CNC(=O)C[C@@H](O)c2ccccc2)N2CCOCC2)o1,167
CS(=O)(=O)Cc1ccc(F)cc1CNC(=O)N1CC[C@@H]2CCCC[C@H]21,168
C[C@@H](NS(=O)(=O)CCO)c1ccncc1,169
CCOc1ccc2ccccc2c1-c1nc2c(cnn2CC)[nH]1,170
CC[C@H](C)NC(=O)c1cnn2c3c(cnc12)C[C@H](C)CC3,171
CCc1nc2ccccc2n1C[C@H](O)C[NH+]1CCCC1,172
C#CCN1CCC(C(=O)N[C@H]2CCCc3ccccc32)CC1,173
N#Cc1ccc(C(F)(F)F)nc1N1CCCC[C@H]1CO,174
CC(C)CCNC(=O)[C@H](C)Oc1ccc(C[NH3+])nc1,175
Cc1ccc([C@H](C)[NH2+][C@@H]2CCO[C@]3(CCOC3)C2)o1,176
Cc1cccc(C2=N/C(=C/c3cn(C)nc3C(C)(C)C)C(=O)O2)c1,177
COc1ccccc1N1CCN(c2ncnc(N)c2[N+](=O)[O-])CC1,178
C=CCn1c(S[C@H](C)C(=O)Nc2ccc3c(c2)OCO3)nnc1-c1ccc(Cl)cc1,179
COc1ccc(N2C[C@@H](C(=O)Nn3cnc4c(cnn4-c4ccccc4)c3=O)CC2=O)cc1,180
CCN(CCC(=O)[O-])C(=O)N1C[C@@H]2CCC[NH+]2C[C@@H]1C,181
CCS(=O)(=O)[C@H]1CSCCN1CCCCCS,182
CCOCc1ccccc1CNC(=O)N1CCN(Cc2cc(C)on2)CC1,183
FC(F)(F)NC[C@@H]1CCC[NH+]1Cc1ccccc1,184
C[C@H]1CC(Nc2ccc(OC[C@@H]3CCCO3)cc2)C[C@H](C)O1,185
C[C@@H]1CCCC[NH+]1CCNC(=O)c1nnc(C(=O)Nc2ccc(F)cc2)s1,186
[NH3+]CCOc1ccccc1N1CCCC1=O,187
Fc1ccccc1CSc1nnc2n1CCCCC2,188
O=C(NCCCN1CCCc2ccccc21)c1cn(C2CCCCCC2)nn1,189
CCCc1nnc2sc(NC(=O)COc3ccccc3)nn12,190
C[C@@H](Sc1nnc(-c2ccccc2Cl)n1C)C(=O)NCC(=O)Nc1ccc(F)c(F)c1F,191
Cc1[nH+]ccn1C[C@@H](C)C(=O)N1CCN(Cc2noc3ccccc23)CC1,192
CCN(C(=O)[C@@H](C)SCc1nc(-c2cccs2)no1)c1ccccc1,193
O=C(Cc1csc(NC(=O)[C@@H]2CCC(=O)N2)n1)NCc1cccs1,194
COC(=O)Nc1ccc(NC(=O)c2cccc(NCC(C)(C)C)c2C)cc1,195
O=C(NC1(c2ccc(F)cc2F)CCOCC1)c1cccc(F)c1,196
O=C(N[C@H]1CC=CCC1)N[C@@H]1CCCN(c2ccccc2)C1=O,197
COc1ccc(OC)c(C[NH+]2CCN(CC(=O)N3c4ccccc4C[C@@H]3C)CC2)c1,198
Cc1nc(C)c(CCC(=O)N(C)Cc2ccc(C(F)(F)F)cc2)c(=O)[nH]1,199
O=c1c2ncccc2n(CCc2ccccc2)c(=O)n1Cc1ccc2c(c1)OCO2,200
Cc1ccc(O[C@H](C)CNC(=O)NC2C[C@@H]3CCC[C@H](C2)[NH+]3C)cc1,201
C[C@H]([NH2+]CCC[C@@H]1CCCC[C@@H]1O)c1ccccc1[N+](=O)[O-],202
Cc1cc(C(=O)N2CCC([C@]3(C)NC(=O)NC3=O)CC2)sc1C,203
O=C(c1ccc(O)cc1O)N1N=C(C(F)F)C[C@@]1(O)C(F)F,204
Cc1cc(NC(=O)N2CCCN(c3nccs3)CC2)no1,205
COc1ccc([C@H](O)[C@@H](C)NC(=O)c2ccnnc2C)cc1,206
C[NH+](C)[C@@H]1c2ccccc2C2(CCN(C(=O)CCc3cccnc3)CC2)[C@H]1O,207
C[C@@H]1C[C@@H](C)CN(C(=O)COc2cc(=O)n(C)c3ccccc23)C1,208
CCC(CC)C[NH2+][C@H](C)[C@@H]1CN(C)CCO1,209
COc1cccc(NC(=O)[C@@H]2CC(=O)N([C@H](C)c3ccccc3)C2)c1,210
Cc1ccc(-c2nc(C)sc2CC(=O)Nc2ccccc2)cc1,211
COc1ccc(C(=O)N2CC3(CCCC3)c3ccccc32)cc1OCCO,212
O=C(CSc1nnc(C(=O)Nc2ccc(Cl)cc2)s1)NCc1cccs1,213
CC(=O)Nc1cccc2c1CCN([C@H]1CC(=O)N(CCC(C)C)C1=O)C2,214
O=C(N/N=C/c1ccc(-c2ccccc2[N+](=O)[O-])o1)c1ccc(F)cc1,215
CC[C@H](C)N(C)C(=O)c1ccc2c(c1)NC(=O)CN2CC,216
C[C@@H](NC(=O)CN1CCCC1=O)c1cccc2ccccc12,217
CCOC(=O)CCC(=O)N1CCC[C@H](COC)C1,218
CC(C)[NH2+]Cc1ccccc1F,219
c1ccc(Cc2ccc3sccc3c2)cc1,220
Cc1cnc(Cl)nc1Sc1nc(N)cc(=O)[nH]1,221
COc1ccc([C@H]2C[C@H]3C(=O)N=N[C@H](SC)N3N2)cc1OC,222
Cc1ccncc1NC(=O)c1cc(-c2ccco2)nc2ccccc12,223
C=CCN1C(=O)N=C(N)[C@]12CCOc1ccccc12,224
O=C(C[C@H]1OC(=O)c2ccccc21)NC1CC[NH+](Cc2ccccn2)CC1,225
CC(=O)N[C@@H](CC(=O)NC1CCCC1)c1ccc(Br)cc1,226
C[C@H](NC(=O)c1cccc(SCC#N)c1)C(=O)N1CCCC[C@@H]1C,227
CC[C@@H](NC(=O)c1sc(-c2nc[nH]n2)nc1C)c1cc(F)ccc1F,228
C[NH+](C)[C@@H]1CC[C@H](NC(=O)CCN2C(=O)COc3ccccc32)C1,229
Oc1ccccc1/C=N/N1C(=S)[NH+]=N[C@@H]1c1ccc(Cl)cc1Cl,230
CNC(=O)c1cnc(/C=C/c2cc(C)ccc2F)[nH]c1=O,231
O=C(COc1ccccc1F)Nc1cccc(-c2cn[nH]c2)c1,232
Cc1nc(-c2cccs2)ccc1C(=O)NCCCc1c(C)noc1C,233
O=S(=O)(C[C@@H]1CCCCO1)N(Cc1ccsc1)c1cccnc1,234
C[C@@H]1CC[C@H](C(=O)N2CCc3c([nH]c4ccccc34)C2)O1,235
C[C@H](C(=O)Nc1cccc(F)c1)N1CC[NH+](C[C@@H]2CC=CCC2)CC1,236
Cc1ccc(-n2c(S[C@@H](C)C#N)nc3ccccc3c2=O)c(C)c1,237
CC(=O)Nc1cccc(NC(=O)c2cc(=O)c3ccccc3o2)c1C,238
CS[C@H](C)C[NH2+][C@H](C)c1ccc(S(C)(=O)=O)c(F)c1,239
CC[NH+]1CCC2(CC1)OC[C@@H](C(=O)[O-])N2C(=O)c1ccc(Cl)c([N+](=O)[O-])c1,240
CCc1ccc(C[C@H]([NH2+]C)[C@@H]2CCC[C@H](C)C2)nc1,241
O[C@H](C[C@H]1COCCN1Cc1cnc2cnccn12)c1ccccc1,242
O=C(NCC1CC1)C(=O)Nc1ccn(-c2ccc(Cl)cc2Cl)n1,243
CCN(C[C@@H](O)c1ccc(C)cc1)C(=O)[C@H](C)Cc1c(C)noc1C,244
O=C(CN1C[C@@H](C(=O)N2CCCCC2)Oc2ccccc21)Nc1ccc([N+](=O)[O-])cc1Cl,245
CN(C(=O)[C@@H]1CCCN1C(=O)c1ccco1)[C@H]1CCS(=O)(=O)C1,246
Cc1ccc(O[C@H](C)C(=O)Nc2cccc(C(=O)N(C)C)c2)cc1,247
COc1cc(Br)c([C@H]2NC(N)=[NH+]c3nc4cc5c(cc4n32)OCCCO5)cc1OC,248
O=C(CSc1nnc(-c2ccccn2)n1-c1ccccc1)Nc1cc(Cl)cc(Cl)c1,249
CC(C)CN1CCO[C@H](COC(=O)c2ccc(F)c(F)c2)C1,250
O=C(CCCOc1ccc(Cl)cc1Cl)Nc1nc2c(s1)CCC2,251
O=C(CN1CCc2cc(F)ccc2C1)NC1CCC2(CC1)OCCO2,252
COCCn1nc(C)c(NC(=O)CSc2ccc(F)cc2)c1C,253
Cc1nc2n(n1)CCC[C@@H]2NC(=O)N[C@@H](CC(F)(F)F)c1ccc(F)cc1,254
Cc1ccc(C)c(NC(=O)[C@@H](C)[S@](=O)Cc2nnnn2C2CC2)c1,255
Cc1ccc(/C=C2\C(=[NH2+])N3N=C(c4cccnc4)SC3=NC2=O)o1,256
C/C=C(\C)C[NH+]1CCC([C@]2(Cc3ccccc3Cl)NC(=O)N(CC3CC3)C2=O)CC1,257
CCc1onc(C)c1[C@H]1CCC[NH+]1Cc1sccc1C,258
C[C@H]1CCN(C(=O)NC[C@@H]2CN3CCCC[C@@H]3CO2)[C@H](c2ccco2)C1,259
COCc1ccc(C(=O)N2CCC[C@H](c3nc4ccccc4cc3N)C2)cc1,260
C[C@@H]1CCC[C@@](C[NH3+])([C@]2(O)CC[NH+](C3CC3)C2)C1,261
CS(=O)(=O)N1C[C@@H]2C[NH+](Cc3cccnc3N)C[C@]2(C(=O)[O-])C1,262
CC(=O)C[C@@H]1CCCCC[NH+]1Cc1csc(C(C)C)n1,263
O=C(NCCNc1ncc(C(F)(F)F)cc1Cl)[C@@H]1CC(=O)N(c2ccccc2F)C1,264
Cc1ccc(O)c(C(=O)NCCOc2ccccc2)c1,265
O=C([O-])c1ccc2c(c1)C(=O)O[C@H]2c1ccc(F)cc1,266
C[C@@H](C[C@H]1CCCCC[NH2+]1)Nc1ccccc1N(C)C,267
O=C(Nc1nnc2n1CCCS2)c1ccc(Br)cc1,268
CC[C@H]1CC(=O)N(Cc2cccnc2C#N)C1,269
CN1C(=O)c2cnc3c(c(-c4ccc(Cl)cc4)nn3-c3ccccc3)c2C1=O,270
C[C@@H]1C[C@H](NC(=O)CCOC2CCOCC2)c2ccccc21,271
O=C(N[C@H]1CCCCNC1=O)c1ccc(N2CCC([NH2+]Cc3ccccc3)CC2)cc1,272
CC[C@@H](C)CN(CC)S(=O)(=O)c1cc(Cl)cc(CCl)c1F,273
CC(=O)SC[C@@H](C)CCl,274
COc1cccc(C(=O)N[C@H]2CC[NH2+]C[C@@H]2C)c1,275
Cc1c(CC(=O)NCc2ccncn2)c2c(n1Cc1ccccc1)CCCC2=O,276
CC(C)N(C)S(=O)(=O)c1ccc(NC(=O)C[NH+](C)C2CCC2)cc1,277
COC(=O)[C@H]1CC(=O)NN(C(=O)Nc2ccc(Cl)cc2)C1,278
CC(=O)c1cccc(NC(=O)[C@H](C)OC(=O)c2cnc(Cl)c(Cl)c2)c1,279
Cc1ccc2c(C(=O)/C(C#N)=C\c3ccc(N4CCCCC4)o3)c[nH]c2c1,280
CCCc1c(C(=O)NOCC(N)=O)[nH]c(C)c1C(C)=O,281
CCS(=O)(=O)c1cccc(C(=O)N(C[C@@H]2CCCO2)c2nc3ccc(Cl)cc3s2)c1,282
Cc1ccc([C@@H]2C[C@@H](C)CC[NH+]2Cc2noc(-c3ccoc3)n2)o1,283
COc1cc(Cl)ccc1C(=O)N[C@H](CO)Cc1c[nH]c2ccccc12,284
CCc1nn(C)c(Cl)c1C[NH+]1CCCC[C@@H]1c1ncc[nH]1,285
COc1ccc(NC(=O)NCC2CC[NH+](Cc3cccc(Cl)c3)CC2)cc1,286
O=C(c1ccccc1)N1CCN(C(=O)[C@H]2C=c3ccccc3=[NH+]2)CC1,287
CCC([NH3+])(CC)C(=O)N(C)[C@@H](C)c1ccccc1Cl,288
Cc1c(C(=O)Nc2cccc([N+](=O)[O-])c2)oc2c1[C@@H](O)CC(C)(C)C2,289
Cc1cscc1C(=O)c1cc2[nH]c(=O)[nH]c2cc1Br,290
COC(=O)CCC[NH+]1CCC(CS(N)(=O)=O)CC1,291
C[C@H](Nc1cc(Br)cc(F)c1C(N)=O)[C@@H](C)N1CCOCC1,292
COc1ccc(Cl)cc1C(=O)NNC(=O)[C@H](C)Oc1ccc(F)cc1,293
C[C@H](Cc1cccs1)N(C)C(=O)[C@H]1CCCN(S(C)(=O)=O)C1,294
C/C(=N\NC(=O)c1ccc(Br)cc1)c1cc(C)oc1C,295
O[C@@H](COc1ccc(F)cc1)CN1CC[NH2+]CC1,296
COc1ccccc1COC1CCN(C(=O)Cc2cc(C)[nH]n2)CC1,297
N#Cc1c(N)nc2c(c1N)[C@H](C(C#N)C#N)c1ccccc1O2,298
Cc1ccc(-c2nn(-c3ccccc3)cc2C(=O)N2CCNC(=O)C2)c(C)c1,299
CC(=O)N[C@H](Cc1c[nH]c2ccccc12)C(=O)N(C)CCc1ccccn1,300
Cc1nn(C)c(Oc2ccccc2)c1C[NH2+][C@H](C)c1cccnc1,301
Fc1ccc(-c2ccc(CNc3nnn[n-]3)o2)cc1,302
CCC1(CC)CCN([C@@H](C[NH3+])c2ccccc2Br)C1,303
O=C(/C=C/c1ccc(Cl)cc1Cl)NCCCN1CCOCC1,304
C/C(=N/NC(=O)COc1ccc(F)cc1)c1ccc(O)cc1,305
N/C(NC[C@H]1CCCO1)=[NH+]\CCc1coc(-c2ccc(F)cc2)n1,306
CCOC(=O)C1=C(COC)Nc2ncnn2[C@H]1c1cc([N+](=O)[O-])ccc1Cl,307
Cc1nc(-c2cc[nH]n2)cn1Cc1c(Cl)cccc1Cl,308
c1ccc(CC[NH2+]C[C@@H]2Cc3ccccc3S2)cc1,309
CC(=O)c1ccc(NC(=O)[C@H]2CCCN(C(=O)c3ccc(F)cc3)C2)cc1,310
CN1CCO[C@@H](C[NH+]2CCC(C[NH2+]C(C)(C)C)CC2)C1,311
C[C@H](NC(=O)NCc1ncn(C)n1)[C@H](O)Cc1ccccc1,312
O=C(NCCc1nc2ccccc2s1)c1ccc(OCC(F)F)nc1,313
COc1ccccc1NC(=O)NCCc1ccc(N(C)C)cc1,314
CC(=O)N1CCc2[nH]c3cc([C@@H]4CCCC[NH+]4Cc4ccccc4F)nn3c(=O)c2C1,315
Cc1cc(C[NH2+][C@H]2CCCC[C@@H]2C(F)(F)F)cc(C)c1O,316
COC[C@]1(O)CCCc2ccccc21,317
CC(=O)NCCNC(=O)CSc1nccn1-c1cccc(C)c1C,318
CCc1cc(NC(=O)Cc2cccs2)nn1-c1ccccc1,319
CCN(CC(F)(F)F)c1ccc([C@H](C)[NH2+]C)c(O)c1,320
CC(C)[NH+](CC(=O)Nc1cccc2ccccc12)C1CCOCC1,321
CC(C)(C)C(=O)CNC(=O)c1cc(Cl)cc(Cl)c1,322
COc1ccccc1C(=O)Nc1cc([N+](=O)[O-])ccc1N1CCCCC1,323
O=C1CCSc2ccc(Cl)cc2N1Cc1cccc(Cl)c1,324
CC[C@H]1CCC[C@]([NH3+])([C@@H]2CCOC3(CCSCC3)C2)C1,325
CCOc1cc(C[NH+]2CCN(C)C(=O)C2(C)C)cc(Cl)c1OC,326
C[NH2+]C[C@@H](C)C(=O)NCCCC(C)C,327
CCC[NH+]1CCCN(C(=O)N[C@@H]2CCc3c(O)cccc32)CC1,328
CC(C)[NH2+][C@@](C)(CCN1C[C@H]2CCC[NH+]2C[C@@H]1C)C(N)=O,329
Cn1c(SCC(=O)N/N=C/c2cc(Br)ccc2O)nnc1-c1cccc(Cl)c1,330
Cc1csc([C@@H](NC(=O)C[C@H]2OCCc3ccccc32)C2CC2)n1,331
Cc1ccc(CC(=O)Nc2nc3c(s2)COCC3)cc1,332
CCC[NH2+][C@@H]1CCC[C@@H]1CC[NH+]1CCC[C@H](CC)C1,333
CCn1c(SCc2ccccc2C)nc2ccccc2c1=O,334
C[C@@H]1CC[C@@H](C)N(C(=O)CN2C(=O)c3ccccc3C2=O)C1,335
CC(=O)Nc1ccc(NC(=O)[C@@H]2CCC[NH+]2Cc2ccc(F)cc2)cc1,336
COc1ccc(Cl)c2sc(N(C[C@@H]3CCCO3)C(=O)c3nc4ccccc4s3)nc12,337
CC1CC(NC(=O)[C@@H]2CCC[C@H](C(F)(F)F)C2)C1,338
O=C(NC[C@@H]1CCCO1)[C@H]1CCCN(C(=O)Nc2cccs2)C1,339
CC[NH2+][C@H](Cc1cccc(Br)c1)C(OC)OC,340
Cc1ccc(NC(=O)C[C@H]2C(=O)NCCN2C(=O)CCC(=O)[O-])c(C)c1,341
CCc1ccc(/N=C2/NC(=O)[C@H](CC(=O)c3ccccc3)S2)cc1,342
C[C@@H](Cc1cccs1)N(C)C(=O)Nc1ccc([N+](=O)[O-])c(Cl)c1,343
Cc1ccsc1C[NH+]1CCC(OCC[NH+]2CCCC2)CC1,344
C[C@H](Cl)C(=O)NC(=O)NCC1CCCC1,345
Cc1nn(C)c(=O)c(C(=O)N[C@H]2C=C[C@H](C(=O)[O-])C2)c1C,346
C[NH+](CC(=O)N1CCC[C@](CO)(Cc2ccc(F)cc2F)C1)Cc1ccccn1,347
O=C(/C=C/c1ccsc1)c1sccc1Br,348
COc1ccc([C@@H]2C3=C(CC(C)(C)CC3=O)Nc3ccccc3N2C(C)=O)c(OC)c1OC,349
C[C@H]([NH2+]CC[NH+]1C[C@@H](C)[C@@H](C)C1)c1ccco1,350
COc1ccc(C)cc1-n1nnnc1SCC(=O)Nc1cc(C)cc(C)c1,351
CCC(CC)S(=O)(=O)/N=C(\[O-])[C@H]1C[C@@H]1c1cccc(F)c1,352
COCCCN(C)C(=O)C(=O)Nc1ccc(C)nc1Cl,353
C[C@H](CCc1ccccc1)Oc1cccnc1[N+](=O)[O-],354
C[C@H]([NH2+]Cc1ccccc1OC1CCC1)c1occc1Br,355
CCc1ncncc1C(=O)N1CCN(Cc2ccco2)CC1,356
Cc1nc(C2CCCC2)sc1C(=O)NCCNC(=O)C1CC1,357
CC(C)C(=O)Nc1ccc(O[C@@H](C)c2nc(Cc3ccccc3)no2)cc1,358
CNC(=O)C1CC[NH+](CC(=O)N[C@H](C)c2ccc(Cl)cc2Cl)CC1,359
CC[C@@H](C)C[NH+](C)Cc1cc(C(N)=O)cs1,360
CC[C@H](C)n1ncc(C(=O)OCC2(C)COC2)c1C1CC1,361
CC(=O)c1ccccc1NC(=O)[C@H](C)[NH2+][C@H](c1ccccc1)C1CC1,362
Cn1cc(N2CCC[C@H](NC(=O)NCc3ccccc3OCCO)C2)cn1,363
Nc1ccc(Br)c(N)c1F,364
Cc1ccc(CNC(=O)c2n[nH]c3c2COc2ccccc2-3)cc1,365
O=C(c1cc2c([nH]c1=O)CCCC2)N1CCC[C@H](OCc2ccccn2)C1,366
Cc1nn(C)c2c1[nH]c(=S)n2-c1cccc2ccccc12,367
CCCn1cc[nH+]c1C[C@@](O)([C@@H]([NH3+])CC)C(F)(F)F,368
Cc1ccc(C)n1Cc1ccc(C#N)cc1F,369
CC(C)(C)C(=O)NC[C@H](c1ccco1)S(=O)(=O)c1ccc(Cl)cc1,370
CCSc1nc2c(c(=O)[nH]1)[C@H](c1ccncc1)/C(=C(\[O-])OC)C(C)=N2,371
CC(C)C(=O)NCCNC(=O)NCC1(c2ccc(F)cc2F)CC1,372
COC(=O)c1ccccc1NC(=O)N(C)Cc1nccs1,373
Cc1ocnc1CNC(=O)C(=O)Nc1ccc(OC(C)(C)C)cc1,374
COc1ccc(CN(C)C[C@H](O)c2cccc(F)c2)cc1F,375
C[C@H](CNc1nnc(Cl)cc1C(N)=O)c1nc(-c2ccccc2)no1,376
CC(=O)Nc1ccc(C(=O)/C=C2\NCCc3cc4c(cc32)OCO4)cc1,377
CC[C@H]1CCCC[NH+]1C[C@H](N)c1ccccc1C,378
C[NH2+][C@H](Cc1ccccc1Cl)C(C)(C)OC,379
CC[NH2+][C@H](CCOC)c1cc(Br)ccc1F,380
c1ccc(CN2CC3(CC3)[NH+](Cc3ccccc3)CC23CC3)cc1,381
O=C(COc1ncnc2c(Cl)cc(Cl)cc12)c1ccc2c(c1)OCCO2,382
C[C@@](O)(CNC(=O)c1ccc(OC(F)(F)F)cc1)c1ccsc1,383
NS(=O)(=O)c1cccc(S(=O)(=O)Nc2ccc(OCC(F)(F)F)cc2)c1,384
CC[NH+]1CCC[C@H]1CNC(=O)C1CCN(C(=O)Nc2ccc(N3CCOCC3)[nH+]c2)CC1,385
CC1=C(C(=O)Nc2cccnc2)[C@H](c2ccc(O)cc2)n2nc(SCc3ccccc3)nc2N1,386
CCC[C@H](C)NC(=O)COc1cccc2ccccc12,387
N#Cc1ccc(N2CCC(NC(=O)c3ccncc3F)CC2)cc1,388
CNC(=S)N(CC[NH+](C)C)Cc1cc2ccc(C)cc2[nH]c1=O,389
C[C@@H](c1nc2ccccc2s1)[NH+](C)CC(=O)Nc1cc(Cl)ccc1Cl,390
Cn1cc(/C=N/Nc2nc(SCC(=O)Nc3ccc(I)cc3)n[nH]2)cn1,391
O=c1cc([O-])c2sc3nc4c(c(-c5cccnc5)c3c2[nH]1)CCCC4,392
CCCC(=O)Nc1ccc(NC(=O)c2nnc3nc(C)cc(C)n23)cc1OC,393
COc1ccc(CNS(=O)(=O)c2c[nH]cn2)cc1,394
C[C@H](OC(=O)C1CCN(C(=O)C(C)(C)C)CC1)C(=O)Nc1sccc1C#N,395
C[C@H]1[C@@H]([NH3+])CCN(CC2CCOCC2)[C@H]1C,396
CC(C)N(CC[NH+]1CCCC1)C[C@@H]1CCCCO1,397
C[C@H]1C[C@@H](NC(=O)N(C)CC2CC2)C(=O)N1c1ccccc1,398
Fc1cc(C[NH2+][C@H]2CCCc3ccccc32)cc(F)c1F,399
CC1CC[NH+]([C@H](CNC(=O)CCc2nc3ccccc3s2)c2cccs2)CC1,400
CSc1ccc(C(=O)N(CC[NH+]2CCOCC2)c2nc3cc(C)c(C)cc3s2)cc1,401
CC[C@@H](CSC)N(C)C(=O)NC1CCC([NH+]2CCCCC2)CC1,402
COc1ccccc1-c1nc(-c2ccccc2)nc(N2CC[NH+](C)CC2)c1C#N,403
C[C@H](CC#N)N(C)C(=O)Nc1ccc(Cl)c(CS(C)(=O)=O)c1,404
Cc1ccc2cnn(CCCNC(=O)c3ccccn3)c2c1,405
Cc1ccc([C@@H](C)[NH3+])c(O[C@H]2CCO[C@@]3(CCSC3)C2)c1,406
COCCn1/c(=N/C(=O)Cc2ccc(F)cc2)sc2cc(S(C)(=O)=O)ccc21,407
COc1cc2c(=O)c(C(=O)c3ccncc3)cn(CC(=O)Nc3ccc(C)c(C)c3)c2cc1OC,408
Cc1c(C(=O)NCc2nnc(SCC(=O)N3CCCC3)o2)cccc1[N+](=O)[O-],409
CC[C@@H](C)c1ccccc1NC(=O)c1c(-c2ccccc2)noc1C,410
O=C(NCC(=O)N1CCc2cc(F)ccc2C1)c1cc(-c2ccccc2)on1,411
COc1ccc2ccn(CCCOc3ccc([N+](=O)[O-])cc3)c(=O)c2c1,412
Cn1c(=O)c2c(nc(N/N=C/c3cc(Br)ccc3O)n2CCc2ccccc2)n(C)c1=O,413
COc1cc2c(c(CN3CCC(N4CCO[C@H](C)C4)CC3)c1)O[C@H](C)C2,414
C[C@@H](Sc1nnc(-c2cccnc2)o1)C(=O)Nc1ccc2c(c1)OCO2,415
CC(=O)c1ccc(N2CCN(CC(=O)NC(=O)NC(C)C)CC2)c(F)c1,416
O=C1N[C@@]2(CCOc3ccccc32)C(=O)N1Cc1cc([N+](=O)[O-])cc2c1OCOC2,417
C#CCN1CCN(CC(=O)NCc2cccc(Cl)c2)CC1,418
C[NH+](C)[C@@H]1CCC[C@@H](NC(=O)NC2CCN(S(=O)(=O)C3CC3)CC2)C1,419
CC(C)Nc1cccc[n+]1C(=O)c1cnc(Cc2ccccc2)s1,420
CC(C)[NH+]1CC[C@H](CNc2nc(Cl)ncc2Cl)C1,421
C[C@H]([NH2+]CCC[C@H]1CCCC[C@@H]1O)c1cccs1,422
CCCc1cncnc1N1CCC[C@]2(CCC(=O)N(CC[NH+](C)C)C2)C1,423
Cn1c(=O)c2c(nc(N/N=C/c3ccccc3)n2Cc2ccc(Cl)cc2)n(C)c1=O,424
CCCN(C(=O)Nc1ncnn1C)[C@H]1C[C@@H](OCC)C1(C)C,425
CC(C)(C)[NH2+]CCc1cc(Cl)ccc1[N+](=O)[O-],426
COC(=O)[C@H]1CCCCC[C@@H]1NC(=O)c1cccc(-n2cccn2)n1,427
CCc1nsc(NCc2cscc2C)n1,428
Cc1cc(C)nc(-n2nc(-c3ccccc3)c3c2NC(=O)CS[C@H]3c2cccc(F)c2)n1,429
C[C@H](C(=O)N1CCC[C@H]([C@@H]2C[C@H](C(F)F)n3ncnc3N2)C1)c1ccccc1,430
Cc1cscc1-c1noc(CCOC2CC[NH2+]CC2)n1,431
CCOC(=O)[C@H](C)NC(=O)C(C)(C)CC(C)C,432
O=C(NCCc1ccc2c(c1)OCCO2)c1cc(-c2ccccn2)nc2ccccc12,433
O=C(Nc1ccc(CC(=O)N2CCOCC2)cc1)c1csc2ncccc2c1=O,434
O=C1NC(=S)N(c2ccccc2)C(=O)[C@H]1/C=[NH+]/Cc1ccccc1,435
Cc1nnsc1C(=O)N1CCC(CNC(=O)Cc2ccccc2Cl)CC1,436
COc1ccc([C@@H](C)N(C)C(=O)/C=C/c2cnn(C)c2)cc1,437
CN(C(=O)CCCn1ccnn1)[C@H](c1ccc(Cl)cc1)C(F)(F)F,438
CC(C)CC(C)(C)C(=O)N(C)CCCN1CC[NH+](C)CC1,439
CCNc1cc(C(=O)N2CCCC2)ccc1OC,440
Cc1[nH+]ccn1CCOc1cccc(Cl)c1Cl,441
O=S(=O)(c1ccc(Cl)cc1)N1CCC(n2cccc2)CC1,442
Clc1cc(CN2CCc3cncnc3C2)cc2c1OCCO2,443
CC(C)CC[NH2+][C@@H]1CSCC(C)(C)C1,444
COc1ccc(Cl)cc1C[NH2+]CCN(C)C,445
CCCc1cc(=O)c2c(=O)n(-c3nc(C)cc(C)n3)[nH]c2[nH]1,446
CC(C)N(C[C@H](C)O)C(=O)Nc1cnn(-c2cccc(C(F)(F)F)c2)c1,447
[NH3+]C1CCC(Oc2ccc(C(F)(F)F)cn2)CC1,448
O=C(NCCCc1nnc2n1CCCCC2)c1nccc2ccccc12,449
O=C(CCn1ccc2c(Cl)cccc21)N1CCN([C@@H]2CCS(=O)(=O)C2)CC1,450
CSc1nnc(N)n1[C@@H](C)C(=O)Nc1sc(C)c(C)c1C#N,451
CC[NH+]1CCN(C(=O)c2ccc(OCc3nnc(C(=O)Nc4ccc(F)c(F)c4)s3)cc2)CC1,452
Cc1cc(C)c2cc(CNCc3cccs3)c3nn(C)c(=O)n3c2c1,453
COC(=O)c1cc(NC(=O)c2ccc3ccccc3c2)ccc1N1CCOCC1,454
C#CCNC(=O)CCN1C(=O)COc2ccccc21,455
CN(CCCCCBr)C[C@H]1CCC[NH+]1C,456
Cc1ccsc1C[NH+]1CCC(C(=O)N2C[C@H](C)O[C@H](C)C2)CC1,457
CCC(CC)C(=O)Nc1ccc2c(c1)C(=O)N(C)C1=NCCN12,458
CCc1ccccc1N(CC(=O)Nc1ccc(I)cc1C)S(C)(=O)=O,459
CC(=O)Nc1c(C)ccc2nsnc12,460
Cc1ccccc1NC(=O)c1sc(=S)n(-c2ccccc2F)c1N,461
Cc1cc2ncn(CC(=O)N(C)c3ccccc3)c2cc1C,462
Cc1ocnc1CNC(=O)NCc1[nH+]ccn1CC(C)C,463
O=[N+]([O-])c1ccc(/N=[N+](\[O-])c2ccc([N+](=O)[O-])cc2)cc1,464
COc1ccc(OC)c(/C=C/C(=O)N(C)Cc2ccccc2Br)c1,465
CC[C@@H](C)C(=O)N(C)[C@@H]1CC[NH+](CC)C[C@@H]1C,466
C[C@H]1CCC[NH+]1CC(=O)Nc1ccc(O[C@@H]2CCOC2)cc1,467
CC1=N[C@H](C[NH+](C)C[C@@H]2[C@H](C(=O)N3CCN(C4CCCCC4)CC3)N=C3C=CC=CN32)N=C1,468
CC(C)(C)[C@@H]([NH3+])CCN1CCOCC1,469
C[C@@H](NC(=O)CN(c1cc(Cl)c(Cl)cc1Cl)S(C)(=O)=O)c1ccccc1,470
C[C@@H](NC(=O)N1CCN(c2ccc(Cl)cc2)CC1)C(=O)Nc1nc(C(F)(F)F)n[n-]1,471
COc1cc([C@H]2CC(=O)NC3=C2C(=O)C[C@H](c2ccccc2)C3)cc(Br)c1O,472
CC(=O)N1CCc2cc(-c3csc(NC(=O)C(C)C)n3)ccc21,473
COc1ccc(C(=O)c2sc3nc4c(c(-c5ccncc5)c3c2N)CCCC4)cc1OC,474
Cc1cccc(O[C@H](C)C(=O)NNC(=O)CSc2ccc(F)cc2)c1C,475
O=[N+]([O-])c1c(Nc2cccc3ncccc23)ncnc1N1CCN(c2cccc(Cl)c2)CC1,476
CCO[C@@H]1C[C@@H](NC(=O)NC[C@@H](C)[NH+](C)C2CC2)C12CCC2,477
Cc1cccc(NC(=O)[C@H](C)Nc2cccc(C)c2)c1,478
CC(C)[C@H](NC(N)=O)C(=O)Nc1ccc(OC(F)F)c(Cl)c1,479
CC[C@H](CO)NC(=O)NCCCc1nc2ccccc2s1,480
C[C@H](CCc1ccc(Br)cc1)NC(=O)[C@@H]1Cc2ccccc2S1,481
CCc1ccc([C@H](CC)NCC(=O)NC)cc1,482
C[NH2+]CCN1CCCC[C@H]1CCO,483
CCCc1c(C(=O)Nc2ccc3c(c2)COC3)[nH]c(C)c1C(=O)OC,484
CO[C@H](CNC(=O)N1CC[C@@](O)(C(F)(F)F)C1)c1ccc(F)cc1,485
COC[C@@H](NC(=O)c1cc(C2CC2)nc2c1c(C)nn2C)C(N)=O,486
Cc1cc(C)n2ncc(C(=O)N(C)CCCC(=O)[O-])c2n1,487
CCCc1nc(Cn2c3c(sc2=O)C[C@H](CC)CC3)no1,488
Cc1nc(-c2ccccc2Br)cc([C@H]2C[NH+]3CC[C@@H]2C[C@@H]3CNC(=O)c2ccco2)n1,489
CS[C@H]1CC[C@H](NC(=O)[C@H](NC(=O)OC(C)(C)C)C(C)C)C1,490
CCN1C(N)=[NH+]C[C@]1(C)c1cc(F)c(C)cc1F,491
C[C@H](OC(=O)c1nn(C)c(=O)c2ccccc12)C(=O)N[C@H]1CCS(=O)(=O)C1,492
CCC[C@@H]1C[C@@H]1NC(=O)c1ccc(F)c(S(=O)(=O)NC)c1,493
COC(=O)C(C)(C)[C@H]1CCC[NH+]([C@@H]2CCN(c3ccccc3F)C2=O)C1,494
CCCOc1ccc(NC(=O)C2(C#N)CCCC2)c(C)c1,495
O=C(Cn1nc([O-])c2ccccc2c1=O)Nc1ccc2c(c1)CC(=O)N2,496
Cc1ccccc1[C@H]([NH2+]Cc1cccc(NC(=O)[C@H]2CCCO2)c1)C1CC1,497
Cc1cccc(C(=O)N(C)Cc2nccs2)n1,498
CCC[C@@H](C)N1C[C@@H](C(=O)Nc2ccc(C(=O)NC)c(Cl)c2)CC1=O,499
O=C(c1ccc(SCCc2ccccc2)nc1)N1CCCC1,500
CC(C)c1[nH+]ccn1CCC(=O)NC[C@@H]1CCC[C@@H]1O,501
CCCO/C(=N/C(=O)c1cccs1)N[C@@H](C)c1ccccc1,502
O=C(c1cc2ccncc2cn1)N1CCc2ccccc21,503
Cc1c(CCC(=O)NC2CC2)c(=O)oc2cc3oc4c(c3cc12)CCCC4,504
CCC[NH2+][C@@H](C)c1nnc(-c2csc(I)c2)o1,505
Cc1ccc(-c2cc(C(=O)[O-])ccc2F)cc1O,506
COCc1cc(C(=O)NC2[C@H](C)CCC[C@H]2C)no1,507
Cn1cc[nH+]c1CC[C@@H]1CCCCN1C(=O)CCCS(N)(=O)=O,508
Cc1noc(C)c1CO[C@H]1CN(Cc2cccnc2)CC(=O)N(CC(C)C)C1,509
C[C@@H](C(=O)Nc1ccc2ccccc2c1)[NH+]1CCC[C@H](CN2CCN(C)CC2)C1,510
COC(=O)c1cc(Cl)c2c(c1)C[C@@H](CNC(=O)C1CC1)O2,511
Cc1nc(CNC(=O)CCCC[C@@H]2CCSS2)c(C)s1,512
CC(C)[C@@H](NC(N)=O)C(=O)NCc1ccc(C[NH+]2CCCC[C@@H]2C)cc1,513
COc1cccc(-n2c(SCC(=O)N3CCC(C)CC3)nnc2-c2ccccn2)c1,514
Cc1cc(NC(=O)N[C@@H]2CCC[C@@H]2C)ccc1C(=O)N(C)C,515
C[C@@]([NH3+])(Cc1cccc(O)c1)c1cccc(Cl)c1,516
Cc1ccc(C)c(S(=O)(=O)C2(C(=O)N[C@H]3CC[C@@H]([NH+](C)C)C3)CCCC2)c1,517
COC(=O)c1sccc1NC(=O)N1CCC[C@@H]1c1ccc(Cl)cc1,518
O=c1cc(COc2ncnc3sc4c(c23)CCC4)c2cc3c(cc2o1)CCC3,519
COc1ccc(-c2noc(-c3ccc(Nc4ccccc4)[nH+]n3)n2)cc1,520
N#Cc1ccc(F)c(CN(CCc2ccccc2)[C@H]2CCOC2)c1,521
CC(C)(CNC(=O)NC1CCC(CO)CC1)c1ccncc1,522
NC(=O)[C@@H]1CN(C(=O)c2cc(-c3ccc(Cl)cc3)nn2-c2ccccc2)c2ccccc2O1,523
COCCO[C@H](C)C(=O)Nc1ccc(N2CC[NH+](C)CC2)cc1,524
O=C(Nc1ccnn1Cc1ccc(Cl)cc1)[C@@H]1Cc2ccccc2O1,525
N#C[C@H]1CN(c2ccc(Cl)cc2N)CCO1,526
C[C@@H](NC(=O)[C@@H](C)[n+]1cccc([O-])c1)c1ccc(Cl)cc1,527
CC(=O)Nc1ccc(NC(=O)CCc2cnn(-c3ccccc3)c2)cc1,528
C1CCCC([NH+]2CCCN3CCCC[C@@H]3C2)CCC1,529
CCN1CCO[C@@H](CNc2cc(C(F)(F)F)ccc2Cl)C1,530
Cc1c(NCc2ccnn2C)cc(C#N)cc1[N+](=O)[O-],531
CCS[C@@H]1CC[C@H]([NH+](C)CC(=O)N2CCc3ccccc3C2)C1,532
C[C@H](CNc1nnnn1-c1ccccc1)Cc1cccs1,533
O=C(NCc1ccccc1Cn1cccn1)N1CCN(Cc2ccc(Cl)s2)CC1,534
CCNC(=O)c1ccc(C)c(NC(=O)N[C@H](C)C(C)(C)c2ccccc2)c1,535
CCOC(=O)[C@H]1CCCN(C(=O)/C(=C/c2ccco2)NC(=O)c2ccccc2)C1,536
CC[C@@H](NC(=O)[C@@H]1CC[NH2+][C@@H]1C)c1ccccc1,537
O=C(Nc1ccc(Cl)cc1)[C@@H]1CC(c2ccccc2O)=NO1,538
Cc1cc(C(=O)N2C[C@H](O)C[C@@H]2c2cc(F)ccc2F)ccc1[N+](=O)[O-],539
CCC[C@@H]1[C@@H](C)CCCN1C(=O)c1ccc(C)c(NC(=O)c2ccco2)c1,540
COc1cccc(NC(=O)COC(=O)c2ccc([N+](=O)[O-])o2)c1,541
COc1ccc(OC)c(C(=O)OCC(=O)c2cc(C)c(C)cc2C)c1,542
COc1ccc(Cl)cc1NC(=O)CN(C)c1ccc(C(C)=O)cc1[N+](=O)[O-],543
CC(C)C(=O)NCCNC(=O)[C@@]1(C)Cc2ccccc2C(=O)O1,544
O=C(CNC(=O)N1CCc2ccccc2C1)N1CCN(CCO)CC1,545
CN1C(=O)C(=Cc2ccc(OC(=O)c3ccccc3)cc2)C(=O)N(C)C1=O,546
COc1cccc(NC(=O)Nc2nnc(COc3ccccc3)s2)c1,547
CSCCCCNC(=O)C(=O)Nc1cccnc1C,548
Fc1nc(F)c(F)c(NCCC(F)(F)F)c1F,549
COc1ccccc1Nc1c(-c2ccc(SC)cc2)nc2cnccn12,550
COc1ccc(/C(C)=N/NC(=O)[C@H]2C[C@@H]2c2ccccc2)cc1OC,551
O=C(NCCCc1nc2ccccc2n1Cc1c(F)cccc1Cl)c1ccccn1,552
CCN(C(=O)c1ccc(-n2ccnn2)cc1)[C@H]1CCCC[C@@H]1C,553
COc1ccc(F)c(-c2nc(COc3ccccc3C(N)=O)c(C)o2)c1,554
C[C@H]1C[C@H](C)CN(C(=O)C[NH+](C)CCO)C1,555
O=C(NCCc1cc(F)cc2c1OCOC2)c1cccc2[nH]ccc12,556
Nc1cc(S(=O)(=O)[N-]c2ccc(F)cc2Br)ccc1F,557
Cn1ncc2c(C(=O)Nc3ccc(Br)cc3F)cc(-c3ccccc3)nc21,558
CNC(=O)CC1CCN(C(=O)CCc2ccccc2)CC1,559
CCCOCc1ccccc1CNC(=O)c1cn[nH]c1C,560
O=C(CCS(=O)(=O)C1CCCC1)Nc1cccc2cnccc12,561
C[C@H]1CN(C(=O)CNC(=O)Cc2cccc(F)c2)C(C)(C)CO1,562
O=C1Nc2ccccc2Oc2ccc(NS(=O)(=O)CCc3ccccc3)cc21,563
Cc1ccc(CCN2C[C@]34C=C[C@H](O3)[C@H](C(=O)N3CC(O)C3)[C@H]4C2=O)cc1,564
CC[C@@H](C)[C@@](C)([NH3+])Cc1ccc(OC)cc1,565
COc1ccc(Cl)cc1S(=O)(=O)NCC1(c2cccs2)CCOCC1,566
COCCN(C)C(=O)Nc1ccc2c(ccn2CC(=O)N(C)C)c1,567
C[C@H]1C[C@@H](NC(=O)NCCN2CCOCC2)CN1c1ccccc1,568
COc1cccc(OC)c1-c1nccn1-c1cc(-c2nnn[n-]2)ccc1C,569
CC(C)Sc1ccccc1C(=O)NC[C@@H](C)C#N,570
Nc1ccc(N2CCC[C@@H](C(F)(F)F)C2)cc1,571
O=[S@@](c1ccc(F)cc1F)[C@H]1CC[NH2+]C1,572
COCCC(=O)N1[C@H]2CCCC[C@@H]2CC[C@@H]1C(=O)[O-],573
Cc1ccc2c(c1)=[NH+]C(=O)[C@H](CN(C(=O)C1CCCCC1)C(C)(C)C)C=2,574
CC[C@H](Cc1ccc(C)cc1)NC(=O)NCC(=O)NC1CC1,575
C[C@H](OC(=O)c1ccc(-n2cnnn2)cc1)c1nc2ccccc2c(=O)[nH]1,576
C[C@@H]1[C@@H](C)S(=O)(=O)CCN1Cc1cccc(Cl)c1Cl,577
C[C@@]1(c2ccc3c(c2)CCC3)NC(=O)N(Cc2nc(C3CC3)no2)C1=O,578
O=C(NC[C@H]1C[C@@]12CCc1ccccc12)c1csnn1,579
C[C@@H]1CC[C@H](C(=O)O[C@H](C)c2ccc(OC(F)(F)F)cc2)O1,580
Cc1cc(F)ccc1NC(=O)c1ccc(S(=O)(=O)NC(C)C)cc1,581
CN1C[C@H](NC(=O)N[C@H]2CCC[C@@H]2c2ccccc2C(F)(F)F)CCC1=O,582
O=C(COc1ccc(Cl)cc1Cl)NCCNC(=O)c1ccc2ccccc2n1,583
CCOc1ccc(NC(=O)c2cnn3c(=O)c4c([nH]c23)CCC4)cc1,584
O=C(CCCc1cccs1)Nc1ccccc1C(F)(F)F,585
COc1ccccc1CNC(=O)C(=O)Nc1ccc(-c2csc(C)n2)cc1,586
C[C@@H]1CN(C(=O)C[NH+]2CCC(CC(=O)[O-])CC2)C[C@@H](C)O1,587
CCn1c(CN2CCCCCC2=O)nnc1SCC(=O)N1CCN(c2cccc(C)c2C)CC1,588
COC(=O)Cn1ccc(NS(=O)(=O)c2ccc(F)cc2Cl)n1,589
Cc1ccc2ncccc2c1NC(=O)Cc1csc(-c2ccccc2)n1,590
CN(CCOc1ccccc1)c1ccc(S(=O)(=O)N2CCCC2)cn1,591
Cn1ccnc(N[C@H]2C=C[C@H](C(=O)[O-])C2)c1=O,592
CC(C)(C)Oc1cc(C(=O)N2CCC[C@H]2[C@H](C#N)c2ccccc2)ccn1,593
O=C(NCc1ccc2c(c1)OCO2)N1CCC(n2cccc2)CC1,594
Cc1cccc(C2=CCN(C(=O)Nc3ccc(C(N)=O)c(Cl)c3)CC2)c1,595
CCCN(C)[C@H](C(N)=O)c1ccc(F)cc1,596
O=C(Nc1ccc2cc([N+](=O)[O-])ccc2n1)c1ccncc1Cl,597
COc1ccc(NC(=O)C2=C(C)Nc3nc4ccccc4n3[C@@H]2c2cc(OC)ccc2OC)cc1,598
CNC(=O)[C@H]1CCCCN1C(=O)c1nc(-c2ccco2)sc1C,599
CON(C)C(=O)c1cccc(S(=O)(=O)Nc2ccc(C)cc2)c1,600
C[C@@H](NCCOc1ccc([N+](=O)[O-])cc1)c1cnc2ccsc2c1,601
C[C@H](c1ccccn1)N(C)C(=O)N[C@H]1CCCc2ccccc21,602
CCOCCN(C)C(=O)NCC[C@@H]1C[C@H]2CC[C@@H]1C2,603
COc1cc(F)c(NC(=O)N[C@@H](c2ccccc2)c2n[nH]c(C)n2)cc1OC,604
Cc1cc(Br)oc1C(=O)NNc1cccnc1Cl,605
O=C(CN1C(=O)[C@H]2CCCC[C@@H]2C1=O)NC12CC3CC(CC(C3)C1)C2,606
COc1ccc(CC(=O)N[C@@H]2CCCc3c2cnn3-c2cc(C)cc(C)c2)cc1,607
CCC[NH+]1CCC(NC(=O)N2CCC[C@@H]2C[NH+]2CCCC2)CC1,608
Cc1nc2c(cnn2C(C)C)cc1C(=O)Oc1cccnc1Br,609
CN1CC[C@@H](NC(=O)N(Cc2ccccc2F)C2CCC2)C1=O,610
Cc1nc(-c2ccccc2)sc1[C@H](C)NCc1ccc(C(N)=O)o1,611
C[C@]1(c2ccc(Cl)cc2)NC(=O)N(C[C@H](O)c2ccccc2Cl)C1=O,612
C[C@H]1CCC[C@@H](N(C)C(=O)c2ccc(Cl)c(S(=O)(=O)N(C)C)c2)C1,613
CCN(C/C(Cl)=C/Cl)C[C@@H](C)C(=O)[O-],614
Cc1ncsc1CC[C@@H](CO)c1cccc(Cl)c1,615
Nc1nnc(CCCOc2ccc(Cl)cc2Cl)s1,616
Cn1ccnc1[C@@](O)(CCNc1nc(C2CC2)ns1)C(F)(F)F,617
Cc1c([C@H](C)[NH2+][C@@H](C)c2cnn(C)c2)oc2ccccc12,618
c1cc2c(cc1NC1=[N+]3CCCC[C@@H]3CS1)OCO2,619
Cc1ccc(NS(=O)(=O)c2ccc3c(c2)NC(=O)C[C@H](C)S3)c(C)c1,620
C[C@]1(CO)CCC[C@@H]1NC(=O)N[C@@H]1CCCN(Cc2ccccc2)C1=O,621
C[C@H]([NH3+])c1cccnc1Cl,622
Cc1nccn1-c1cncc(N2CCN(C(=O)c3cccs3)CC2)n1,623
Cc1occc1CN(C)Cc1ccc([N+](=O)[O-])c(N)c1,624
COc1ccccc1[C@@]1(CC(=O)N2CCC[C@@H](C)C2)CC(=O)N(C)C1=O,625
COC(=O)c1ccc(C[NH2+][C@@H]2CCCC[C@@H]2C(C)(C)C)[nH]1,626
CCc1nc(C[NH+](C)C2CCC([NH3+])CC2)cs1,627
c1[nH]nc2c1C[C@@H]([NH2+][C@@H]1CCc3cc4c(cc31)OCCO4)CC2,628
CS[C@H](CO)[C@H](C)NC(=O)N[C@@H](C)c1ccc(-c2cncnc2)cc1,629
CCOC(=O)c1[nH]c2cc(OC)c(OC)cc2c1NC(=O)c1ccccc1,630
CN1CCC(=O)Nc2cc(Cl)ccc21,631
CCOC(=O)c1nn(-c2ccccc2)c(=O)cc1OCc1cccc(F)c1,632
CC(=O)Nc1ccc(C(=O)CSc2nc(C)nc3sc4c(c23)CC[C@H](C)C4)cc1,633
C[C@H](CCc1cccc(F)c1)C(=O)Nc1ccc(F)cn1,634
O=C(NCC1CCN(c2cc[nH+]cc2)CC1)c1cncc2ccccc12,635
O=[N+]([O-])c1ccc2nc(O[C@H]3CCC[NH2+]C3)cnc2c1,636
C[C@@H]1CCC[C@@H](n2c(CCl)nc3cccnc32)[C@@H]1C,637
C[C@H](NC(=O)c1ccc(CNS(=O)(=O)c2ccc(Br)cc2)cc1)c1ccccc1,638
CC[C@@H](Cc1cnn(-c2ccccc2)c1)[C@H](C)O,639
Cc1ccccc1O[C@@H](C)C(=O)NNC(=O)c1ccc(NC(=O)c2ccccc2C)cc1,640
Cc1ccc(C(=O)N2CCC[C@H](CCc3ccccc3F)C2)cc1O,641
COc1ccc(C(=O)[O-])cc1NC(=S)NC(=O)c1cccc(C)c1OC,642
Cc1cc(-c2cc(C(=O)[O-])c[nH]c2=O)ccc1Cl,643
CC[C@@H](NC(=O)N[C@H]1c2ccccc2C[C@@H]1O)c1ccc(C)c(F)c1,644
O=C(CC1(O)CCCC1)NNc1nc(-c2ccccc2)no1,645
CC(C)(CNC(=O)c1cccc(OC[C@@H]2CCCO2)c1)N1CCOCC1,646
Cc1cc(C[C@H](C)[NH2+][C@@H](C)C2CCC2)n[nH]1,647
C[C@H](CCO)N(Cc1ccccc1)C(=O)[C@@H]1C[C@@H]1c1ccc(F)cc1F,648
COc1cccc(-c2noc3c2CN(Cc2coc(C(C)C)n2)CC3)c1,649
C[C@H]1C[C@H](C)CN(c2ccc(C(=O)Nc3nc[nH]n3)cc2[N+](=O)[O-])C1,650
COc1cc(C(=O)NC[C@H](C2CC2)[NH+](C)C)cc(OC)c1C,651
O=C(CCC1=c2ccccc2=[NH+]C1)N1CCN(c2cccc[nH+]2)CC1,652
Cn1ncc(C[NH+]2CC(C(C)(C)C)C2)c1N,653
N#Cc1c(C[NH2+]CCn2cccn2)cn2ccccc12,654
N#Cc1ccc(N2CCC[C@@H]2CC(=O)[O-])cc1[N+](=O)[O-],655
COc1cnc(NCc2cc3n(n2)CCC[NH+](CC(C)C)C3)nc1,656
COC(=O)C1(NC(=O)c2ccn3cncc3c2)CCSCC1,657
Cc1cc(C(=O)NNC(=O)COc2ccc(Cl)c(C)c2)c(C)o1,658
C=CCn1c(SCC(=O)Nc2ccccc2F)nc2sc3c(c2c1=O)CC[C@@H](C)C3,659
Cc1ccccc1CNC(=O)c1cc(C)c(C#CCO)s1,660
Nc1nc(N2CC[C@@H](OCCCc3ccccc3)C2)ncc1[N+](=O)[O-],661
CNS(=O)(=O)c1ccc(N(C)Cc2ccc(Br)cc2)c([N+](=O)[O-])c1,662
Cc1cnc(C(=O)OCC(=O)N2C[C@@H](C)C[C@H](C)C2)cn1,663
CCCNC(=O)c1cccc(NC(=O)N[C@H]2CCC[C@H](C)C2)c1,664
NS(=O)(=O)c1ccc(NC(=O)CNC(=O)Cc2cccc3ccccc23)cc1,665
CCCC(=CC(=O)Nc1ccccc1C#N)CCC,666
CC[NH2+][C@H](Cc1cccc(C(F)(F)F)c1)[C@@H](C)OC,667
O=C1N[C@@H](c2c(F)cccc2Cl)[C@@H](C(=O)c2cccs2)[C@](O)(C(F)(F)F)N1,668
C[C@H](C(=O)Nc1cccc2nsnc12)n1nc(-c2ccc(F)cc2)ccc1=O,669
C=CC/[NH+]=C(\NCC)N[C@H]1CC(=O)N(c2ccccc2)C1,670
FC(F)(F)c1cccc(N2CCN(c3ccccc3)CC2)n1,671
CC(=O)N1CCc2cc(C(=O)NC[C@@H](c3ccccc3Cl)N3CCOCC3)ccc21,672
CCCN(CCC)C(=O)c1noc2c1COc1ccccc1-2,673
CC[C@H](OC(=O)/C=C/c1ccccc1)n1nnc2ccccc21,674
CC(=O)N1N=C(c2ccc(Cl)c(Cl)c2)C[C@@H]1c1ccccc1,675
Cc1noc(CCN[C@@H](C)c2cnn(-c3ccc(F)cc3)c2C)n1,676
CCOc1ccc(F)c(C(=O)Nc2ccsc2C(=O)OC)c1F,677
N#C[C@@H](C(=O)Nc1ccccc1I)c1ccccn1,678
Cc1cccc(NC(=O)CNC(=O)CN2C(=O)NC3(CCCCCC3)C2=O)c1C,679
COc1ccc(COC(=O)c2cc(C#N)cs2)cc1,680
CCC1CCC(C[NH3+])([C@@H](O)c2ccccc2F)CC1,681
CCOc1cccc2n[nH]/c(=N\C(=O)Nc3cccc(C#N)c3)n12,682
CC(=O)N1CCC[NH+](CCC(=O)N[C@@H](C)c2ccccc2)CC1,683
CN1C(N)=[NH+]C[C@]12CCC[C@H](C1CC1)C2,684
COc1ccc(CC[NH+]2CCC(NC(=O)c3ccc(F)cc3)CC2)cc1,685
Clc1cccc(N2CCCC2)c1C[NH2+][C@H]1CCc2[nH]ncc2C1,686
N#Cc1ccc(OCC(=O)NC(=O)NC2CCCCC2)cc1,687
CCCn1c(=O)oc2cc(NS(=O)(=O)c3ccc4c(c3)n(C)c(=O)n4C)ccc21,688
C[C@H]([NH2+]Cc1ccc(-n2cccn2)cc1)c1ccccc1,689
CS(=O)(=O)CCNC(=O)CCn1cnc2ccccc2c1=O,690
Cc1n[nH]cc1C(=O)N1CCC[C@H](c2[nH+]c(Nc3ccccc3)n3c(C)c(C)sc23)C1,691
Cc1c(NC(=S)N/N=c2\sc3ccccc3n2C)c(=O)n(-c2ccccc2)n1C,692
C[C@H]1CN(c2ccccc2C[NH2+]CC[S@@](=O)C(C)(C)C)C[C@H](C)O1,693
O=C(c1cc2ccccc2oc1=O)N(CCc1cccs1)Cc1ccoc1,694
CCCc1nn(CC(=O)NN)c(=O)n1N,695
O=C1Cc2cc(NC(=O)c3cc(Br)c[nH]3)ccc2N1,696
CC(C)CN(C(=O)c1ccc(F)cc1)c1nnc(-c2ccncc2)s1,697
O=C(NCc1cscn1)[C@@H]1CCC[NH+]1Cc1ccc(F)cc1,698
CC[C@@H]1CCC[C@@H](NC(=O)N2CCC(CC(N)=O)CC2)C1,699
O=C1NC(=O)C2(CCN(C(=O)c3cc(-c4cccc(Cl)c4)on3)CC2)N1,700
CCC[C@H]1C(=O)NC(=O)C[C@@]12C[C@H](C)CC[C@@H]2C(C)C,701
CC(=O)N[C@@H](CC(=O)N[C@H](C(N)=O)C(C)(C)C)c1ccc(Cl)cc1,702
CCCc1n[nH]c([C@@H]2CN(C(=O)[C@@H]3CC(=O)N(C4CC4)C3)CCO2)n1,703
CNC(=O)Nc1cccc(C)c1,704
O=C(NCCCN1CCOCC1)c1ccc2nc3[nH]c4ccccc4c3nc2c1,705
COc1ccccc1N1CCCC2(CC[NH2+]CC2)C1=O,706
CC(C)CC[NH2+]Cc1cc(F)ccc1F,707
Cn1ncc2c(NCc3ccco3)nc(CCc3ccccc3)nc21,708
COc1ccc(-n2c(SCC(=O)[O-])nc3sc4c(c3c2=O)CCN(C)C4)cc1,709
CC[C@@H](C)CNC(=O)c1ccc(C[NH3+])o1,710
NC(=O)c1oc2ccccc2c1NC(=O)[C@H]1CCCO1,711
CCCS(=O)(=O)N1CCC[C@H]1C(=O)N[C@@H](C)c1csc(C(C)C)n1,712
CCc1ccc(C(=O)O[C@@H](C)[C@@H]2CCCO2)cc1,713
CN(CC(=O)N1CCN(Cc2ccc3c(c2)OCO3)CC1)C(=O)c1c[nH]c2ccccc12,714
Cc1oc(S(N)(=O)=O)cc1C(=O)NCc1cccc(OCC(C)C)c1,715
CC(C)C(=O)N1CCC(=NOCC(=O)N[C@H](C)C(C)C)CC1,716
COC[C@@H](C)[NH+]1CCN(Cc2c[nH]nc2-c2cccc(Cl)c2)CC1,717
C#CCCN1CCN(C(=O)[C@H](NC(=O)c2ccccc2C)C(C)C)CC1,718
CNC(=O)C[C@@H]1C(=O)NCCN1CC1=Cc2cccc(OC)c2OC1,719
Cc1nc2ccccc2c(=O)n1CC(=O)NC[C@@H](c1ccc(F)cc1)[NH+]1CCCCC1,720
O=C(NC[C@H]1CCN(c2ccc(F)c(F)c2)C1)N1CCOCC1,721
COc1ccccc1CN1N=CC2=N[C@H](c3cccc(-n4cccn4)c3)N[C@@H]21,722
CO[C@@H](C(=O)N[C@H](CO)C(C)C)c1ccccc1,723
Cc1cc(NC(=O)[C@@H]2CCCCN2S(C)(=O)=O)c2ncccc2c1,724
Cc1[nH+]ccn1CC[C@@H](C)[NH+]1CCC2(CC1)Nc1ccccc1NC2=O,725
CCOc1ccc(S(=O)(=O)NC[C@H](O)c2ccc3c(c2)CCO3)cc1,726
C[C@H](c1cc(F)ccc1F)N(C)C(=O)Cc1ccc([N+](=O)[O-])cc1,727
COc1ccccc1N(CC(=O)N1CCCC1)S(=O)(=O)c1ccccc1,728
COc1ccc([C@@H]2c3[nH]c4ccccc4c3C[C@H]3C(=O)N(CCO)CC(=O)N32)c(OC)c1,729
Cc1cccn2c(=O)c(C(=O)N[C@H](C)c3cc4ccccc4o3)cnc12,730
C[C@H]1CCCC[C@H]1NC(=O)c1cc2ccccc2nc1N1CCCC1,731
COC(=O)[C@H](C)N1CCC[C@@H](c2nc(C)no2)C1,732
C[C@H](NC(=O)c1ccc([C@@H]2SCC(=O)N2CCc2ccccc2)cc1)c1ccccc1,733
O=S(=O)(Cc1ccc(Br)cc1F)Oc1ccc(F)c(F)c1,734
CCN[C@]1(C#N)CCC[C@H]([NH+]2CCC(CC)(CC)CC2)C1,735
Cc1ccc(NC(=O)N[C@@H](C)c2ccc(F)c(F)c2)cc1,736
C=C[C@@H](CC(=O)N1C[C@@H](C)NC(=O)c2ccc(F)cc21)c1ccccc1,737
CC[C@@H](N[C@H](COC)c1ccccc1)c1ccc(F)cc1F,738
O=C(CCc1nc2c(F)cccc2[nH]1)OC1CCC1,739
CC(=O)c1c(C)[nH]c(C(=O)OCC(=O)N2C[C@H](C)C[C@@H](C)C2)c1C,740
C[C@@H]1CCCCN1C(=O)CSc1nnc(-c2c[nH]c3ccccc23)n1C[C@@H]1CCCO1,741
C[C@@]1(C(=O)OCC(=O)Nc2cc(Cl)ccc2C#N)CC1(Cl)Cl,742
c1ccc(-n2nnnc2SCc2ccon2)cc1,743
NC(=O)[C@@H]1CCN(C(=O)CSc2ccccc2F)c2ccccc21,744
O=C(Nc1ccc(Cl)cc1)[C@H]1CCCN1C(=O)c1ccc(F)cc1,745
Cc1nn(Cc2ccccc2Cl)c(C)c1C(=O)N1CC[C@H](C)[C@H](O)C1,746
CCN(CC(C)(C)O)C(=O)C(=O)Nc1ccc(OC)cc1,747
CSC[C@](C)(O)CNC(=O)c1ccc(Oc2ccccc2)cc1,748
CCC[NH2+]C[C@H]1CCO[C@@H]1c1cc(C)ccc1C,749
COc1ccc(Br)c(C(=O)N2CCC3(CC2)OCCN3S(=O)(=O)c2ccccc2)c1,750
Cc1cc(C)n([C@H](C)CC(=O)Nc2ccc(F)cc2)n1,751
COc1ccc(O)c(/C=N/c2sc3c(c2C#N)CCCC3)c1,752
C[NH2+]CC(=O)N1C[C@H]2C[C@@H]1C(=O)N2c1cc(-c2ccccc2)ccc1OC,753
CSCc1ccc(C(=O)NC[C@@H](C)Cn2cccn2)cc1,754
O=C(NCc1cccnc1N1CCC[C@H](O)C1)c1ccc(Cl)c(F)c1,755
Cn1nc(C2CCN(C(=O)c3cc(-c4cccs4)on3)CC2)n(-c2ccccc2)c1=O,756
Cc1cccc(NC(=O)c2cc([N+](=O)[O-])c[nH]c2=O)n1,757
CCOc1ccccc1C(=O)N(c1ccc(Br)cc1)[C@@H]1C=CS(=O)(=O)C1,758
COc1ccc(N2/C(=N/C(=O)COc3ccc(Cl)cc3)S[C@@H]3CS(=O)(=O)C[C@H]32)cc1,759
c1ccc2c(c1)C[C@@H](CN1CCC[C@H]([C@@H]3CCC[NH2+]3)C1)S2,760
C[C@@H](NC(=O)CSCC(F)(F)F)[C@H]1CN(C)CCO1,761
CC(C)Oc1ccc([C@@H]([NH3+])[C@@H]2CN(C)CCO2)cc1,762
C[C@H]1CN(c2c3c(c(C#N)c4nc5ccccc5n24)CCC3)C[C@H](C)O1,763
CN(C(=O)c1cccc(-c2ccoc2)c1)C1CCS(=O)CC1,764
Cc1nc(C)c(S(=O)(=O)/N=C(\[O-])C[C@@H](c2ccccc2)C(C)C)s1,765
CO[C@H](C)C(=O)Nc1cccc(NC(=O)NCC[NH+]2CCCCC2)c1,766
Cc1nc(-c2ccccc2F)sc1[C@H](C)NCc1cccc(N(C)C)[nH+]1,767
CCN(C)S(=O)(=O)NCC1CC[NH+](Cc2ccccc2Cl)CC1,768
Cc1ccn2c(=O)c(C(=O)N3C[C@@H](C)OCC3(C)C)cnc2c1,769
CSc1cccc(NC(=O)[C@@H]2CCCN2C(=O)c2cccs2)c1,770
Nc1scc[n+]1Cc1cccc(F)c1,771
O=C1O[C@@H]2[C@H]3C[C@H]([C@H](C(=O)[O-])[C@@H]13)[C@H]2Sc1ccccc1,772
COC(=O)c1cccc(CN2C(=O)N[C@@](C)(c3ccccc3)C2=O)c1,773
Nc1nccnc1C(=O)Nc1ccc(C23CC4CC(CC(C4)C2)C3)cc1,774
Cc1ccc(C(=O)NC2CC[NH+](C3CC3)CC2)c(O)c1C,775
CC(C)(C)c1cc(C(=O)N2CCc3ccccc32)ccn1,776
CCOC(=O)c1cc2c(=O)n3ccccc3nc2n(C[C@H]2CCCO2)c1=NC(=O)c1ccccc1F,777
CCN[C@@](C)(C#N)CN(C)C[C@@H]1CCC[NH+]1C,778
O=C(CSc1ncn[nH]1)Nc1ccc(C23CC4CC(CC(C4)C2)C3)cc1,779
COc1ccc(OCCCN(C)c2ccccc2)cc1,780
C[C@]1(Cc2ccc3c(c2)OCO3)NC(=O)N(Cc2ccc(C(F)(F)F)cc2)C1=O,781
CC(C)([C@H](N)CCS(C)(=O)=O)[NH+]1CCCCC1,782
O=C(Cn1ccnc1)NC1CC[NH+](CC2(c3ccccc3F)CCCC2)CC1,783
Cc1cc(C[NH+]2CC[C@@H](NC(=O)OC(C)(C)C)C2)no1,784
O=C1N[C@H](c2ccc(F)c(F)c2)N2CCCC[C@H]12,785
CC[C@H](NC(=O)c1cc(C#N)cn1C)c1nccs1,786
Cc1ccccc1S(=O)(=O)[C@@H](C)C(=O)N1CCCCC1,787
CCCC1CCC(N2CCS(=O)(=O)CC2)CC1,788
Cc1cc(C(=O)N2CCC[C@H](C)[C@H]2C)sc1C#CCN,789
O=C([O-])c1ccc2c(c1O)C(=O)c1ccccc1C2=O,790
CCOCC(=O)Nc1nc2ccc(CC)cc2s1,791
CCOC[C@@H]1CC[NH+](Cc2ccc3ccccc3n2)C1,792
CC[C@H]1CCC[C@@H]([C@@H](Cc2ccccc2F)C(=O)[O-])C1,793
O=C(C[NH+]1CC[C@@H](N2CCCC2)C1)NC1CCOCC1,794
CN(C(=O)NCCOc1cccc(F)c1)C1CCCCC1,795
Cn1nc(-c2ccncc2)cc1NC(=O)[C@H]1CC(=O)N(c2ccccc2Br)C1,796
Cc1ccc(OC[C@H](O)C[NH+]2CCC(CN3CCOCC3)CC2)cc1,797
CN([C@@H]1CCC[C@@H]1S(C)(=O)=O)S(=O)(=O)c1ccc(F)cc1F,798
CCc1nc(CC(=O)Nc2nc(C[NH+]3CCCCCC3)cs2)cs1,799
[NH3+][C@@H]1[C@H]2CCCO[C@@H]2[C@@H]1NC(=O)Cc1ccc(F)cc1F,800
C=C(Br)CN1CCC[C@@H]1[C@@H]1CCCC1=O,801
CCN(CC(=O)NC(C)(C)C)C(=O)NCCc1ccccc1,802
C[C@H]1Cc2ccccc2N1C(=O)[C@@H](C)OC(=O)c1ccc(NC(=O)CC#N)cc1,803
CC(=O)N1CCc2ccccc2[C@@H]1CC(=O)N[C@H](C)C(C)(C)C,804
COc1cc(C[NH+]2CCC[C@H]2CN2CCOCC2)ccc1F,805
O=C(c1cc2n(n1)CCCN(Cc1cccc3nsnc13)C2)N1CCCC1,806
O[C@H](C[NH2+]C1CCCCC1)COc1ccccc1-c1ccccc1,807
Cc1cccc2cc([C@@H](c3nnnn3C(C)(C)C)N3CCCc4ccccc43)c(=O)[nH]c12,808
C=CCN1C(=O)c2ccccc2[C@@]1(CC=C)C(=O)OCC,809
CCOC(=O)C1(C)CCN(C(=O)Nc2ccc(OC(F)F)cc2)CC1,810
CC(C)c1csc(/C(C#N)=C\c2csc(-c3ccc(F)cc3)n2)n1,811
CC(C)CC(=O)N1CCN([C@H](C)C(=O)Nc2ccccc2F)CC1,812
Cc1ccc(C)n1N[C@H](C)CS(C)(=O)=O,813
c1csc(CNc2nc3nonc3nc2N2CCC[NH+](Cc3cccs3)CC2)c1,814
C[NH+](C)[C@@H]1CC[C@@H](NC(=O)N[C@@H]2CCCc3c2cnn3Cc2ccccc2)C1,815
COC(=O)c1cc(CNc2cccc(C[NH+]3CCSCC3)c2)oc1C,816
CC(C)COc1ncc(CNC(=O)NNc2cncc(Cl)n2)cc1Cl,817
CCOc1ccc(NC(=O)[C@@H]2CC=CC[C@@H]2C(=O)OC(C)C)cc1,818
CCC[C@@H](C[NH3+])[C@H](O)c1sccc1CC,819
O=C(COC(=O)C12C[C@@H]3C[C@@H](CC(Br)(C3)C1)C2)Nc1cccc2nsnc12,820
Nc1nc(-c2ccccc2)nn1C(=O)c1cccnc1,821
Cc1n[nH]c(C)c1[C@H]1CCCN1C(=O)NC1CCN(S(C)(=O)=O)CC1,822
CO[C@@H]1CCC[C@@H](Oc2c(F)cc(CCl)cc2F)C1,823
Cc1ccc2cccc([N+](=O)[O-])c2n1,824
CC[S@@](=O)[C@H]1CCCC[C@@H]1NC(=O)c1ccc(F)cc1Cl,825
C[C@H](NC(=O)COn1nnc2ccc(Cl)cc21)c1ccco1,826
CC(C)(C)C(=O)N1CCOc2nc(I)ccc21,827
CC(C)NC(=O)c1ccc(NC(=O)N2CCNC(=O)C2)cc1,828
CC(C)(C)c1ccc(NC(=O)C(=O)NCCc2cccs2)cc1,829
Cc1cccc(COc2cccc(NC(=O)N(C)CCC#N)c2)c1,830
Cc1nn(C)cc1-c1cc(C(=O)[O-])n2nc(C)c(Br)c2n1,831
CSc1nc(C)c(CCC(=O)N2CCC[C@@H](c3nc4ccccc4[nH]3)C2)c(C)n1,832
COCCNC(=O)N1CCc2ccccc2C1,833
C[C@@H]1C[C@@H](C(N)=O)c2ccccc2N1Cc1csc(COc2ccc(F)cc2)n1,834
[O-]c1nnc2cc(Sc3ccccc3)ncn12,835
Cc1cc2ncc([C@H](C)NCc3csc(-c4ccccc4)n3)c(C)n2n1,836
CC(=O)Nc1ccc(NC(=S)N[C@@H]2CCS(=O)(=O)C2)cc1,837
CCOC[C@H]1CCN(C(=O)c2cccc(N(C)C)c2)C1,838
COc1nc(C)cc(C)c1CNC(=O)[C@H]1Cc2ccccc2O1,839
CCSc1nnc(N)n1CC(=O)Nc1ccc(OC)c(OC)c1,840
O=C(NCCC1=CCOCC1)Nc1c[nH]nc1-c1ccccn1,841
Cc1cc(C)c(N[C@@H]2CCc3cc(N)ccc32)c(C)c1,842
COc1ccc(-c2c3c(=O)n(C)c(=O)n(C)c3c3c(-c4ccccc4)nc4ccccc4n23)cc1,843
CC1=C(C(=O)[O-])C(C)(C)CCC1,844
O=C(Nc1ccc(F)c(F)c1)[C@H]1CC(=O)N(c2ccc(Br)cc2)C1,845
Cc1nc2sccn2c1C(=O)c1ccc(NS(=O)(=O)c2cccc(Br)c2)cc1,846
C[C@H]1C[C@@H]1C(=O)N1CCN(C(=O)[C@@H](C)n2nnc(-c3ccccc3)n2)CC1,847
Cc1cc([O-])c(C2(c3c([O-])cc(C)n(C)c3=O)CC(C)(C)[NH2+]C(C)(C)C2)c(=O)n1C,848
CCOc1ccccc1NC(=O)CSc1ncnc2scc(-c3ccccc3)c12,849
CCC(C)(C)NC(=O)c1ccc(C#N)c(C)n1,850
Cc1c(N)cccc1NC(=O)[C@H](C)SC[C@@H](O)CO,851
C[C@H]1CCC[C@@](CNC(=O)C[C@H](O)c2cccc(F)c2)([NH+](C)C)C1,852
CCOC(=O)[C@@H](CC)c1nc2c(C)cccc2s1,853
COc1ccccc1NC(=O)C[NH2+]C[C@]1(C)CCCO1,854
CC[C@H]1CC[C@H]([C@H](O)Cc2cccc(O)c2)C1,855
CC(=O)c1cccc(N2C(=O)[C@H]3[C@H]4CC[C@H](C4)[C@H]3C2=O)c1,856
Cn1cc(CCNc2cncc(OCc3cccc(Cl)c3)n2)cn1,857
C[C@@H]1CCCC[C@H]1N(C)c1ncc(N)cc1Br,858
CC(=O)c1csc(N2CCC(C)(C)C2)n1,859
COc1nc(N)c(S(=O)(=O)c2ccc(F)cc2)cc1C#N,860
CC(=O)OCC(=O)C1=c2ccccc2=[NH+][C@H]1c1ccccc1,861
Cc1ccc(Nc2ncnc(N3CCCCCC3)c2[N+](=O)[O-])cc1C,862
COc1ccc2c(c1)c(C(=O)Nc1nc[nH]n1)cn2C,863
C[C@@]1(CNc2cc[nH+]cc2Cl)CCCO1,864
CNS(=O)(=O)N1C[C@H](C)O[C@H](C)C1,865
CC[NH2+][C@H](c1ccc(SC)cc1)c1ccc(OC)c(Br)c1,866
O=C(Nc1ccccc1C(F)(F)F)c1cccn(Cc2ccccc2Cl)c1=O,867
FC(F)c1nnc2ccc(N3CC[C@H](C[NH+]4CCCCC4)C3)nn12,868
C[C@@H]1CN/C(=N\c2cc(Cl)ccc2F)S1,869
N#Cc1cccc(OCCC[NH+]2CCCC2)c1,870
O=C(CN1C(=O)C(=O)N(C2CCCC2)C1=O)NC[C@@H]1COc2ccccc2O1,871
C[C@H](NC(=O)c1ccc(Cl)nc1)c1nc(-c2ccncc2)n[nH]1,872
Cn1nc(C2CC[NH+](Cc3ccccc3)CC2)n(C2CCCC2)c1=O,873
O=C([C@H]1CCS(=O)(=O)C1)N1CCN(c2ncnc3ccsc23)CC1,874
FC(F)(F)c1ccc2nc(C(F)(F)F)cc(N3CCC[NH2+]CC3)c2c1,875
C[C@H]1CCc2c(sc(NC(=O)COC(=O)Cc3c[nH]c4ccccc34)c2C(N)=O)C1,876
Cc1cccc(NC(=O)[C@@H]2CN(S(=O)(=O)c3ccccc3)CCN2S(=O)(=O)c2ccccc2)c1,877
Cc1cc(C[NH2+]Cc2ccccc2OC(F)F)ccc1Br,878
CCOC(=O)c1ccc(NC(=O)c2c([O-])c3sccc3[nH]c2=O)cc1,879
C[NH+]1CCN(c2nnc(-n3cccc3C[NH+]3CCN(Cc4ccccc4)CC3)s2)CC1,880
O=C(Cn1c(=O)c2ccccc2n2nnc(-c3ccccc3)c12)Nc1ccccc1,881
COC(=O)[C@@H](C)SCC(=O)Nc1ccc(C(F)(F)F)cc1,882
C[C@H](NC(=O)CCC(=O)c1ccc(F)cc1)c1ccc2c(c1)OCCO2,883
Cc1ccc(C(=O)NCC(=O)N2CCC3(CC2)[NH2+]CCc2nc[nH]c23)cc1C,884
O=C(Cc1csc(-c2ccccc2F)n1)N[C@H](Cc1c[nH]c2ccccc12)C(=O)[O-],885
C[C@@H](c1ccccc1Br)N(C)CN1CCCCC1=O,886
Cc1ccc2c(c1)CCN2C(=O)CCN1C(=O)[C@@H]2[C@H]3CC[C@H](O3)[C@@H]2C1=O,887
COc1ccc(CNC(=O)/C(C#N)=C\c2cccc3c2OCCCO3)cc1,888
COC(=O)c1cccc(NC(=O)N[C@@H](C)[C@H]2CCCO2)c1C,889
CN(Cc1cccc(C#N)c1)C(=O)CCCc1ccccc1,890
CO[C@H](CNC(=O)N[C@H](CO)c1ccco1)c1cccc(Cl)c1,891
CSC[C@@H](C)C(=O)N[C@H]1CC(=O)N(C)[C@@H]1c1ccc(Cl)cc1,892
COc1ccc(Br)cc1/C=N/N1[C@@H](S)NN[C@H]1[C@@H]1C=C(C)N=N1,893
Cc1ccccc1C(C)(C)CNC(=O)N1CCN(C(=O)[C@H]2C[C@@H]2C)CC1,894
O=C(CSc1nc(-c2ccccc2)cs1)Nc1ccc2[nH]c(=O)[nH]c2c1,895
COc1ccc(Br)cc1COC(=O)c1cccs1,896
N/C(=N/O)[C@H]1CN(C(=O)CC2CC2)CCO1,897
COc1ccc(CC(=O)N2CCC[C@@H]2c2cccc(Cc3ccc(F)cc3)n2)cc1,898
CCC[NH+]1CCC(NC(=O)N[C@@H](C)C(C)(C)C[NH+](C)C)CC1,899
COc1cccc(CN2C(=O)c3cc(-c4cccs4)nn3C[C@@]2(C)C(=O)NC2CCCCC2)c1,900
C[NH2+]C[C@H]1CCCCN1S(=O)(=O)N(C)CCS(C)(=O)=O,901
CC[NH+](CC)CCNC(=O)N[C@H](C)c1c(F)cccc1Cl,902
CC(C)C(=O)Nc1ccc(NC(=O)N(C)Cc2cccs2)cc1,903
Nc1ccc2c(c1)CN(C(=O)C[C@@H]1C[C@H]3CC[C@@H]1C3)CC2,904
CCOc1ccc(Cl)c(C(=O)O[C@@H](C)[C@H]2CCCO2)n1,905
O=C(Cc1cc2ccccc2[nH]1)N/N=C/c1c[nH]c2ccccc12,906
COC(=O)CN(CC#N)C(=O)c1cccc(CN2CC[NH+](C)CC2)c1,907
C[C@H]1CN(C(=O)c2ccc(Cl)c(S(C)(=O)=O)c2)C[C@@H]1[NH+](C)C,908
Nc1ccc(Br)c(N)c1[N+](=O)[O-],909
COc1ncccc1CNC(=O)Nc1cccc(Cl)c1C,910
Cc1cc(NC(=O)C2(C)COC(=O)OC2)c2ncccc2c1,911
C[C@H]1CCCC[C@H]1N(C)C(=O)CSc1nnc(N2CCOCC2)n1C,912
CCC[NH+]1CCN(c2ccccc2C[NH+]2CCC[C@H]2C(=O)NC)CC1,913
C[C@H]1C[C@H](C)CN(C(=O)C2CCN(C(N)=O)CC2)C1,914
Cc1cc(N[C@H](C(=O)NC2CC2)c2ccccc2)ccc1C(=O)NC(C)C,915
C[C@@H](c1nc2ccccc2c(=O)[nH]1)[NH+]1CCN(Cc2ccc(C(F)(F)F)cc2)CC1,916
O[C@@H]1CCCC[C@@H]1CC(F)(F)F,917
Cc1cccc(-n2c3c(c(=O)[nH]c2=O)CN([C@@H](C)c2ccccc2)CN3)c1C,918
CCCNc1nnc(S[C@@H](C)C(=O)N2c3ccccc3NC(=O)C2(C)C)s1,919
O=C(N[C@H]1C[C@@H]1c1ccccc1)c1cccc(C[NH+]2CCCC2)c1,920
[NH3+][C@H](c1ccc(F)cc1)c1noc([O-])n1,921
CC[C@@]1(COC)CC(=O)NC(=O)[C@@H]1CC(C)C,922
CCC[NH+]1CCC(NC(=O)NC[C@H](c2cnn(C)c2)[NH+](C)C)CC1,923
Cc1ccc(NC(=O)C(=O)NCC[C@H](O)C(C)C)cc1Cl,924
C[C@@H]([NH2+]Cc1ccc(-n2ccnc2)cc1)c1cccnc1,925
O=C(Cc1ccccc1Cl)Nc1cc(-c2cccc([N+](=O)[O-])c2)n[nH]1,926
COc1c([C@H]2CCCN2C(=O)c2cccc3c2OCO3)c(C)nn1C,927
CCOC(=O)/C=C/C[NH+]1C[C@@H](C)C[C@@H](C)C1,928
CC(C)[C@H](C)[NH+]1Cc2cccc(NCCOc3ccc(C#N)cc3)c2C1,929
Cc1ccc(C(=O)N(C)CCc2noc(-c3ccccc3Cl)n2)cc1,930
Cc1[nH]c(SCC(=O)N[C@@H](C)C(C)C)nc1Cc1ccccc1,931
O=C(C[NH2+]C[C@@H]1CCC[NH2+]C1)c1ccccc1F,932
O=C(/C=C/c1cccc2ccccc12)N1CCc2ccccc21,933
C[C@@H](OCC1CC1)C(=O)[C@H](C#N)c1nc2sc3c(c2c(=O)[nH]1)CCCC3,934
C[C@@H](CC(=O)[O-])N1C(=O)CCCC1=O,935
Cc1nc2ncnn2c(C)c1CC(=O)N1CC[C@@H]2CCCC[C@@H]2C1,936
CC(C)c1cc(C(=O)N2CCN(S(=O)(=O)c3cn(C)nc3-c3cccnc3)CC2)on1,937
COCc1cccc(N[C@@H](C)C(=O)N[C@H](C)c2ccccc2)c1,938
CCOc1ccc([C@H]2CCCN2C(=O)N[C@H](C)c2ccc(OC)c(OC)c2)cc1,939
Cc1cc(C(=O)N(C)C2CCS(=O)CC2)sc1C,940
C[C@@H](Nc1ccccc1)N1C(=O)CCC1=O,941
Cc1cccc(C(C)C)c1NS(=O)(=O)c1ccc(Cl)nc1,942
CC(=O)Nc1ccc([C@@H]2OC(=O)N(Cc3ccc(F)cc3)[C@@H]2C(=O)NC(C)C)cc1,943
C[C@]1(C2CC2)Nc2ccccc2C(=O)N1CCc1ccccc1,944
CCOC(=O)CSc1cc2c(cc1Cl)[C@@H](O)C(=O)N2,945
COc1cc(/C=C2\C(=O)N(c3ccccc3F)C(=O)N=C2[O-])cc(OC)c1OC,946
CCCCOC(=O)CN1CC(=O)N2CCCC[C@@H]2C1=O,947
CCC(CC)C(=O)N[C@@H]1CC[C@@H](C)[NH2+][C@@H]1C,948
COCc1nc(C)cc(Nc2cccc(OC[C@@H]3CCCO3)c2)n1,949
Cc1nc2nc(NC(=O)C3CCCCC3)nn2c(C)c1Cl,950
COCc1ccccc1NC(=O)N1CCCN(C(=O)C(C)(C)C)CC1,951
CC(C)CCN[C@H]1CC[NH+](Cc2ccccc2)C1,952
C[C@@H]1CCCC[C@H]1OCC[NH+]1CCC(NC(N)=O)CC1,953
Nc1ccc(OCCSc2cc3ccccc3[nH]2)cc1,954
CC(=O)Nc1ccc(S(=O)(=O)Nc2ccc3c(c2)CC(=O)N3C)cc1,955
Cc1c(Br)cccc1C[NH+]1CC[C@@H](C)[C@H](O)C1,956
CCC[C@@H](c1nnnn1Cc1ccccc1)[NH+]1CCN(c2cccc(C)c2C)CC1,957
C=CCn1c(C2CC2)nnc1[S@](=O)Cc1ccc(OC)c(F)c1,958
O=S(=O)(Nc1cccnc1)c1cccnc1,959
C[NH+]1CCC[C@H](CNC(=O)NCC(C)(C)c2ccncc2)[C@H]1c1cccs1,960
C[C@H]1CCCC[C@@H]1NC(=O)[C@H]1COc2ccccc2C1,961
C[C@@H](c1ccccc1F)S(=O)(=O)c1ccc(C(=O)N2CCCC2)cn1,962
COc1ccc(/C(C)=N/N2CCN(c3ccccc3OC)CC2)cc1,963
C/C(=N\O)c1ccccc1OC[C@@H](C)C(N)=O,964
Cc1ccccc1[C@H]1C2=C(CCCC2=O)Nc2c1c(=O)[nH]c(=O)n2C,965
CC[NH+](CC)[C@H]1CCC(=O)C1,966
CSc1nc(C)c(CCC(=O)[C@H](C#N)c2nnc3n2CCCCC3)c(C)n1,967
CCCCN(C(=O)[C@@H](C)Cc1ccccc1F)[C@H]1CCS(=O)(=O)C1,968
N#Cc1ccc(NCCNc2cccc3ccccc23)nc1,969
CC[C@@H](NC(=O)c1cccc(C#N)c1)C(=O)N1CCOCC1,970
COc1ccccc1OCCCC(=O)Nc1c(C)cccc1C,971
O=C(CCc1ccccn1)C1CC1,972
O=C(c1cnn2c1N[C@H](c1ccccc1)C[C@H]2C(F)(F)F)N1CC[NH+](Cc2ccccc2)CC1,973
CCn1cnc(S(=O)(=O)N2CCN(CCCC[NH3+])CC2)c1,974
O=C([O-])Cn1cc(NC(=O)N2CC[NH+]3CCC[C@@H]3C2)cn1,975
CCN1CC(=O)N(CCCC(=O)c2cccs2)CC1=O,976
Cn1cc[nH+]c1CN(CCO)C(=O)c1ccc2ncsc2c1,977
Cc1nc2cc(NC(=O)CNC(=O)c3sc4ccccc4c3Cl)ccc2o1,978
COCCOCCOc1ccc(N)c(C)c1,979
Cc1n[nH]c2c1[C@@H](c1ccc(N(C)C)c(Br)c1)C1=C(COC1=O)N2,980
CC(C)c1nc(C(=O)NCc2cccc(Cl)c2)n[nH]1,981
O=C(COc1ccccc1)N/N=C(/C=C/c1ccccc1)c1ccccc1,982
Cc1ccc(/C=C/C(=O)OCC(=O)Nc2ccc(Cl)c(C(F)(F)F)c2)o1,983
CCc1ccc([C@H](C)CC(=O)N(C)[C@@H](C)CS(C)(=O)=O)cc1,984
Cc1ccc2c(c1)CCCN2C(=O)CCn1ccccc1=O,985
O=C(CCCCl)Oc1ccc2c(c1)O/C(=C\c1ccc(F)cc1)C2=O,986
Cc1ccc(CC(=O)Nc2ccc(NC[C@@H]3CCCO3)c(F)c2)cc1O,987
CCC[NH+]1CCN(C(=O)N[C@H]2C=C[C@@H](C(=O)[O-])C2)CC1,988
CCCc1cc(NC(=O)[C@H]2CCCN(C(=O)NC3CCCC3)C2)n(C)n1,989
COc1cccc(OC)c1C(=O)NCC1(c2ccccc2)CCOCC1,990
CC(C)[NH2+]Cc1cnc([C@H]2CSCCO2)s1,991
CCn1cnc2sc(C(=O)Nc3cc(-c4csnn4)ccc3C)c(C)c2c1=O,992
N#CC1(NC(=O)c2c(Cl)cccc2Cl)CCCC1,993
CNC(=O)CSc1nc(-c2ccccc2)c(NC(=O)c2cccs2)s1,994
O=C(CN1CC[NH+](CCO)CC1)Nc1c(F)cccc1F,995
NC(=O)[C@H]1CCC[NH+]1Cc1cccc(NC(=O)c2cc(-c3ccc(F)cc3)nc3ccccc23)c1,996
N#CCOc1cccc(CC(=O)N[C@@H](C(N)=O)c2ccccc2)c1,997
C[C@]1(C(=O)Nc2sc3c(c2C#N)CCCC3)Sc2ccccc2NC1=O,998
[NH3+][C@@H](c1ccccc1)[P@](=O)(O)CCc1ccccc1,999
