path,class
antineoplastic/0,antineoplastic
antineoplastic/1,antineoplastic
antineoplastic/2,antineoplastic
antineoplastic/3,antineoplastic
antineoplastic/4,antineoplastic
antineoplastic/5,antineoplastic
antineoplastic/6,antineoplastic
antineoplastic/7,antineoplastic
antineoplastic/8,antineoplastic
antineoplastic/9,antineoplastic
antineoplastic/10,antineoplastic
antineoplastic/11,antineoplastic
antineoplastic/12,antineoplastic
antineoplastic/13,antineoplastic
antineoplastic/14,antineoplastic
antineoplastic/15,antineoplastic
antineoplastic/16,antineoplastic
antineoplastic/17,antineoplastic
antineoplastic/18,antineoplastic
antineoplastic/19,antineoplastic
antineoplastic/20,antineoplastic
antineoplastic/21,antineoplastic
antineoplastic/22,antineoplastic
antineoplastic/23,antineoplastic
antineoplastic/24,antineoplastic
antineoplastic/25,antineoplastic
antineoplastic/26,antineoplastic
antineoplastic/27,antineoplastic
antineoplastic/28,antineoplastic
antineoplastic/29,antineoplastic
antineoplastic/30,antineoplastic
antineoplastic/31,antineoplastic
antineoplastic/32,antineoplastic
antineoplastic/33,antineoplastic
antineoplastic/34,antineoplastic
antineoplastic/35,antineoplastic
antineoplastic/36,antineoplastic
antineoplastic/37,antineoplastic
antineoplastic/38,antineoplastic
antineoplastic/39,antineoplastic
antineoplastic/40,antineoplastic
antineoplastic/41,antineoplastic
antineoplastic/42,antineoplastic
antineoplastic/43,antineoplastic
antineoplastic/44,antineoplastic
antineoplastic/45,antineoplastic
antineoplastic/46,antineoplastic
antineoplastic/47,antineoplastic
antineoplastic/48,antineoplastic
antineoplastic/49,antineoplastic
antineoplastic/50,antineoplastic
antineoplastic/51,antineoplastic
antineoplastic/52,antineoplastic
antineoplastic/53,antineoplastic
antineoplastic/54,antineoplastic
antineoplastic/55,antineoplastic
antineoplastic/56,antineoplastic
antineoplastic/57,antineoplastic
antineoplastic/58,antineoplastic
antineoplastic/59,antineoplastic
antineoplastic/60,antineoplastic
antineoplastic/61,antineoplastic
antineoplastic/62,antineoplastic
antineoplastic/63,antineoplastic
antineoplastic/64,antineoplastic
antineoplastic/65,antineoplastic
antineoplastic/66,antineoplastic
antineoplastic/67,antineoplastic
antineoplastic/68,antineoplastic
antineoplastic/69,antineoplastic
antineoplastic/70,antineoplastic
antineoplastic/71,antineoplastic
antineoplastic/72,antineoplastic
antineoplastic/73,antineoplastic
antineoplastic/74,antineoplastic
antineoplastic/75,antineoplastic
antineoplastic/76,antineoplastic
antineoplastic/77,antineoplastic
antineoplastic/78,antineoplastic
antineoplastic/79,antineoplastic
antineoplastic/80,antineoplastic
antineoplastic/81,antineoplastic
antineoplastic/82,antineoplastic
antineoplastic/83,antineoplastic
antineoplastic/84,antineoplastic
antineoplastic/85,antineoplastic
antineoplastic/86,antineoplastic
antineoplastic/87,antineoplastic
antineoplastic/88,antineoplastic
antineoplastic/89,antineoplastic
antineoplastic/90,antineoplastic
antineoplastic/91,antineoplastic
antineoplastic/92,antineoplastic
antineoplastic/93,antineoplastic
antineoplastic/94,antineoplastic
antineoplastic/95,antineoplastic
antineoplastic/96,antineoplastic
antineoplastic/97,antineoplastic
antineoplastic/98,antineoplastic
antineoplastic/99,antineoplastic
antineoplastic/100,antineoplastic
antineoplastic/101,antineoplastic
antineoplastic/102,antineoplastic
antineoplastic/103,antineoplastic
antineoplastic/104,antineoplastic
antineoplastic/105,antineoplastic
antineoplastic/106,antineoplastic
antineoplastic/107,antineoplastic
antineoplastic/108,antineoplastic
antineoplastic/109,antineoplastic
antineoplastic/110,antineoplastic
antineoplastic/111,antineoplastic
antineoplastic/112,antineoplastic
antineoplastic/113,antineoplastic
antineoplastic/114,antineoplastic
antineoplastic/115,antineoplastic
antineoplastic/116,antineoplastic
antineoplastic/117,antineoplastic
antineoplastic/118,antineoplastic
antineoplastic/119,antineoplastic
antineoplastic/120,antineoplastic
antineoplastic/121,antineoplastic
antineoplastic/122,antineoplastic
antineoplastic/123,antineoplastic
antineoplastic/124,antineoplastic
antineoplastic/125,antineoplastic
antineoplastic/126,antineoplastic
antineoplastic/127,antineoplastic
antineoplastic/128,antineoplastic
antineoplastic/129,antineoplastic
antineoplastic/130,antineoplastic
antineoplastic/131,antineoplastic
antineoplastic/132,antineoplastic
antineoplastic/133,antineoplastic
antineoplastic/134,antineoplastic
antineoplastic/135,antineoplastic
antineoplastic/136,antineoplastic
antineoplastic/137,antineoplastic
antineoplastic/138,antineoplastic
antineoplastic/139,antineoplastic
antineoplastic/140,antineoplastic
antineoplastic/141,antineoplastic
antineoplastic/142,antineoplastic
antineoplastic/143,antineoplastic
antineoplastic/144,antineoplastic
antineoplastic/145,antineoplastic
antineoplastic/146,antineoplastic
antineoplastic/147,antineoplastic
antineoplastic/148,antineoplastic
antineoplastic/149,antineoplastic
antineoplastic/150,antineoplastic
antineoplastic/151,antineoplastic
antineoplastic/152,antineoplastic
antineoplastic/153,antineoplastic
antineoplastic/154,antineoplastic
antineoplastic/155,antineoplastic
antineoplastic/156,antineoplastic
antineoplastic/157,antineoplastic
antineoplastic/158,antineoplastic
antineoplastic/159,antineoplastic
antineoplastic/160,antineoplastic
antineoplastic/161,antineoplastic
antineoplastic/162,antineoplastic
antineoplastic/163,antineoplastic
antineoplastic/164,antineoplastic
antineoplastic/165,antineoplastic
antineoplastic/166,antineoplastic
antineoplastic/167,antineoplastic
antineoplastic/168,antineoplastic
antineoplastic/169,antineoplastic
antineoplastic/170,antineoplastic
antineoplastic/171,antineoplastic
antineoplastic/172,antineoplastic
antineoplastic/173,antineoplastic
antineoplastic/174,antineoplastic
antineoplastic/175,antineoplastic
antineoplastic/176,antineoplastic
antineoplastic/177,antineoplastic
antineoplastic/178,antineoplastic
antineoplastic/179,antineoplastic
antineoplastic/180,antineoplastic
antineoplastic/181,antineoplastic
antineoplastic/182,antineoplastic
antineoplastic/183,antineoplastic
antineoplastic/184,antineoplastic
antineoplastic/185,antineoplastic
antineoplastic/186,antineoplastic
antineoplastic/187,antineoplastic
antineoplastic/188,antineoplastic
antineoplastic/189,antineoplastic
antineoplastic/190,antineoplastic
antineoplastic/191,antineoplastic
antineoplastic/192,antineoplastic
antineoplastic/193,antineoplastic
antineoplastic/194,antineoplastic
antineoplastic/195,antineoplastic
antineoplastic/196,antineoplastic
antineoplastic/197,antineoplastic
antineoplastic/198,antineoplastic
antineoplastic/199,antineoplastic
antineoplastic/200,antineoplastic
antineoplastic/201,antineoplastic
antineoplastic/202,antineoplastic
antineoplastic/203,antineoplastic
antineoplastic/204,antineoplastic
antineoplastic/205,antineoplastic
antineoplastic/206,antineoplastic
antineoplastic/207,antineoplastic
antineoplastic/208,antineoplastic
antineoplastic/209,antineoplastic
antineoplastic/210,antineoplastic
antineoplastic/211,antineoplastic
antineoplastic/212,antineoplastic
antineoplastic/213,antineoplastic
antineoplastic/214,antineoplastic
antineoplastic/215,antineoplastic
antineoplastic/216,antineoplastic
antineoplastic/217,antineoplastic
antineoplastic/218,antineoplastic
antineoplastic/219,antineoplastic
antineoplastic/220,antineoplastic
antineoplastic/221,antineoplastic
antineoplastic/222,antineoplastic
antineoplastic/223,antineoplastic
antineoplastic/224,antineoplastic
antineoplastic/225,antineoplastic
antineoplastic/226,antineoplastic
antineoplastic/227,antineoplastic
antineoplastic/228,antineoplastic
antineoplastic/229,antineoplastic
antineoplastic/230,antineoplastic
antineoplastic/231,antineoplastic
antineoplastic/232,antineoplastic
antineoplastic/233,antineoplastic
antineoplastic/234,antineoplastic
antineoplastic/235,antineoplastic
antineoplastic/236,antineoplastic
antineoplastic/237,antineoplastic
antineoplastic/238,antineoplastic
antineoplastic/239,antineoplastic
antineoplastic/240,antineoplastic
antineoplastic/241,antineoplastic
antineoplastic/242,antineoplastic
antineoplastic/243,antineoplastic
antineoplastic/244,antineoplastic
antineoplastic/245,antineoplastic
antineoplastic/246,antineoplastic
antineoplastic/247,antineoplastic
antineoplastic/248,antineoplastic
antineoplastic/249,antineoplastic
antineoplastic/250,antineoplastic
antineoplastic/251,antineoplastic
antineoplastic/252,antineoplastic
antineoplastic/253,antineoplastic
antineoplastic/254,antineoplastic
antineoplastic/255,antineoplastic
antineoplastic/256,antineoplastic
antineoplastic/257,antineoplastic
antineoplastic/258,antineoplastic
antineoplastic/259,antineoplastic
antineoplastic/260,antineoplastic
antineoplastic/261,antineoplastic
antineoplastic/262,antineoplastic
antineoplastic/263,antineoplastic
antineoplastic/264,antineoplastic
antineoplastic/265,antineoplastic
antineoplastic/266,antineoplastic
antineoplastic/267,antineoplastic
antineoplastic/268,antineoplastic
antineoplastic/269,antineoplastic
antineoplastic/270,antineoplastic
antineoplastic/271,antineoplastic
antineoplastic/272,antineoplastic
antineoplastic/273,antineoplastic
antineoplastic/274,antineoplastic
antineoplastic/275,antineoplastic
antineoplastic/276,antineoplastic
antineoplastic/277,antineoplastic
antineoplastic/278,antineoplastic
antineoplastic/279,antineoplastic
antineoplastic/280,antineoplastic
antineoplastic/281,antineoplastic
antineoplastic/282,antineoplastic
antineoplastic/283,antineoplastic
antineoplastic/284,antineoplastic
antineoplastic/285,antineoplastic
antineoplastic/286,antineoplastic
antineoplastic/287,antineoplastic
antineoplastic/288,antineoplastic
antineoplastic/289,antineoplastic
antineoplastic/290,antineoplastic
antineoplastic/291,antineoplastic
antineoplastic/292,antineoplastic
antineoplastic/293,antineoplastic
antineoplastic/294,antineoplastic
antineoplastic/295,antineoplastic
antineoplastic/296,antineoplastic
antineoplastic/297,antineoplastic
antineoplastic/298,antineoplastic
antineoplastic/299,antineoplastic
antineoplastic/300,antineoplastic
antineoplastic/301,antineoplastic
antineoplastic/302,antineoplastic
antineoplastic/303,antineoplastic
antineoplastic/304,antineoplastic
antineoplastic/305,antineoplastic
antineoplastic/306,antineoplastic
antineoplastic/307,antineoplastic
antineoplastic/308,antineoplastic
antineoplastic/309,antineoplastic
antineoplastic/310,antineoplastic
antineoplastic/311,antineoplastic
antineoplastic/312,antineoplastic
antineoplastic/313,antineoplastic
antineoplastic/314,antineoplastic
antineoplastic/315,antineoplastic
antineoplastic/316,antineoplastic
antineoplastic/317,antineoplastic
antineoplastic/318,antineoplastic
antineoplastic/319,antineoplastic
antineoplastic/320,antineoplastic
antineoplastic/321,antineoplastic
antineoplastic/322,antineoplastic
antineoplastic/323,antineoplastic
antineoplastic/324,antineoplastic
antineoplastic/325,antineoplastic
antineoplastic/326,antineoplastic
antineoplastic/327,antineoplastic
antineoplastic/328,antineoplastic
antineoplastic/329,antineoplastic
antineoplastic/330,antineoplastic
antineoplastic/331,antineoplastic
antineoplastic/332,antineoplastic
antineoplastic/333,antineoplastic
antineoplastic/334,antineoplastic
antineoplastic/335,antineoplastic
antineoplastic/336,antineoplastic
antineoplastic/337,antineoplastic
antineoplastic/338,antineoplastic
antineoplastic/339,antineoplastic
antineoplastic/340,antineoplastic
antineoplastic/341,antineoplastic
antineoplastic/342,antineoplastic
antineoplastic/343,antineoplastic
antineoplastic/344,antineoplastic
antineoplastic/345,antineoplastic
antineoplastic/346,antineoplastic
antineoplastic/347,antineoplastic
antineoplastic/348,antineoplastic
antineoplastic/349,antineoplastic
antineoplastic/350,antineoplastic
antineoplastic/351,antineoplastic
antineoplastic/352,antineoplastic
antineoplastic/353,antineoplastic
antineoplastic/354,antineoplastic
antineoplastic/355,antineoplastic
antineoplastic/356,antineoplastic
antineoplastic/357,antineoplastic
antineoplastic/358,antineoplastic
antineoplastic/359,antineoplastic
antineoplastic/360,antineoplastic
antineoplastic/361,antineoplastic
antineoplastic/362,antineoplastic
antineoplastic/363,antineoplastic
antineoplastic/364,antineoplastic
antineoplastic/365,antineoplastic
antineoplastic/366,antineoplastic
antineoplastic/367,antineoplastic
antineoplastic/368,antineoplastic
antineoplastic/369,antineoplastic
antineoplastic/370,antineoplastic
antineoplastic/371,antineoplastic
antineoplastic/372,antineoplastic
antineoplastic/373,antineoplastic
antineoplastic/374,antineoplastic
antineoplastic/375,antineoplastic
antineoplastic/376,antineoplastic
antineoplastic/377,antineoplastic
antineoplastic/378,antineoplastic
antineoplastic/379,antineoplastic
antineoplastic/380,antineoplastic
antineoplastic/381,antineoplastic
antineoplastic/382,antineoplastic
antineoplastic/383,antineoplastic
antineoplastic/384,antineoplastic
antineoplastic/385,antineoplastic
antineoplastic/386,antineoplastic
antineoplastic/387,antineoplastic
antineoplastic/388,antineoplastic
antineoplastic/389,antineoplastic
antineoplastic/390,antineoplastic
antineoplastic/391,antineoplastic
antineoplastic/392,antineoplastic
antineoplastic/393,antineoplastic
antineoplastic/394,antineoplastic
antineoplastic/395,antineoplastic
antineoplastic/396,antineoplastic
antineoplastic/397,antineoplastic
antineoplastic/398,antineoplastic
antineoplastic/399,antineoplastic
antineoplastic/400,antineoplastic
antineoplastic/401,antineoplastic
antineoplastic/402,antineoplastic
antineoplastic/403,antineoplastic
antineoplastic/404,antineoplastic
antineoplastic/405,antineoplastic
antineoplastic/406,antineoplastic
antineoplastic/407,antineoplastic
antineoplastic/408,antineoplastic
antineoplastic/409,antineoplastic
antineoplastic/410,antineoplastic
antineoplastic/411,antineoplastic
antineoplastic/412,antineoplastic
antineoplastic/413,antineoplastic
antineoplastic/414,antineoplastic
antineoplastic/415,antineoplastic
antineoplastic/416,antineoplastic
antineoplastic/417,antineoplastic
antineoplastic/418,antineoplastic
antineoplastic/419,antineoplastic
antineoplastic/420,antineoplastic
antineoplastic/421,antineoplastic
antineoplastic/422,antineoplastic
antineoplastic/423,antineoplastic
antineoplastic/424,antineoplastic
antineoplastic/425,antineoplastic
antineoplastic/426,antineoplastic
antineoplastic/427,antineoplastic
antineoplastic/428,antineoplastic
antineoplastic/429,antineoplastic
antineoplastic/430,antineoplastic
antineoplastic/431,antineoplastic
antineoplastic/432,antineoplastic
antineoplastic/433,antineoplastic
antineoplastic/434,antineoplastic
antineoplastic/435,antineoplastic
antineoplastic/436,antineoplastic
antineoplastic/437,antineoplastic
antineoplastic/438,antineoplastic
antineoplastic/439,antineoplastic
antineoplastic/440,antineoplastic
antineoplastic/441,antineoplastic
antineoplastic/442,antineoplastic
antineoplastic/443,antineoplastic
antineoplastic/444,antineoplastic
antineoplastic/445,antineoplastic
antineoplastic/446,antineoplastic
antineoplastic/447,antineoplastic
antineoplastic/448,antineoplastic
antineoplastic/449,antineoplastic
antineoplastic/450,antineoplastic
antineoplastic/451,antineoplastic
antineoplastic/452,antineoplastic
antineoplastic/453,antineoplastic
antineoplastic/454,antineoplastic
antineoplastic/455,antineoplastic
antineoplastic/456,antineoplastic
antineoplastic/457,antineoplastic
antineoplastic/458,antineoplastic
antineoplastic/459,antineoplastic
antineoplastic/460,antineoplastic
antineoplastic/461,antineoplastic
antineoplastic/462,antineoplastic
antineoplastic/463,antineoplastic
antineoplastic/464,antineoplastic
antineoplastic/465,antineoplastic
antineoplastic/466,antineoplastic
antineoplastic/467,antineoplastic
antineoplastic/468,antineoplastic
antineoplastic/469,antineoplastic
antineoplastic/470,antineoplastic
antineoplastic/471,antineoplastic
antineoplastic/472,antineoplastic
antineoplastic/473,antineoplastic
antineoplastic/474,antineoplastic
antineoplastic/475,antineoplastic
antineoplastic/476,antineoplastic
antineoplastic/477,antineoplastic
antineoplastic/478,antineoplastic
antineoplastic/479,antineoplastic
antineoplastic/480,antineoplastic
antineoplastic/481,antineoplastic
antineoplastic/482,antineoplastic
antineoplastic/483,antineoplastic
antineoplastic/484,antineoplastic
antineoplastic/485,antineoplastic
antineoplastic/486,antineoplastic
antineoplastic/487,antineoplastic
antineoplastic/488,antineoplastic
antineoplastic/489,antineoplastic
antineoplastic/490,antineoplastic
antineoplastic/491,antineoplastic
antineoplastic/492,antineoplastic
antineoplastic/493,antineoplastic
antineoplastic/494,antineoplastic
antineoplastic/495,antineoplastic
antineoplastic/496,antineoplastic
antineoplastic/497,antineoplastic
antineoplastic/498,antineoplastic
antineoplastic/499,antineoplastic
antineoplastic/500,antineoplastic
antineoplastic/501,antineoplastic
antineoplastic/502,antineoplastic
antineoplastic/503,antineoplastic
antineoplastic/504,antineoplastic
antineoplastic/505,antineoplastic
antineoplastic/506,antineoplastic
antineoplastic/507,antineoplastic
antineoplastic/508,antineoplastic
antineoplastic/509,antineoplastic
antineoplastic/510,antineoplastic
antineoplastic/511,antineoplastic
antineoplastic/512,antineoplastic
antineoplastic/513,antineoplastic
antineoplastic/514,antineoplastic
antineoplastic/515,antineoplastic
antineoplastic/516,antineoplastic
antineoplastic/517,antineoplastic
antineoplastic/518,antineoplastic
antineoplastic/519,antineoplastic
antineoplastic/520,antineoplastic
antineoplastic/521,antineoplastic
antineoplastic/522,antineoplastic
antineoplastic/523,antineoplastic
antineoplastic/524,antineoplastic
antineoplastic/525,antineoplastic
antineoplastic/526,antineoplastic
antineoplastic/527,antineoplastic
antineoplastic/528,antineoplastic
antineoplastic/529,antineoplastic
antineoplastic/530,antineoplastic
antineoplastic/531,antineoplastic
antineoplastic/532,antineoplastic
antineoplastic/533,antineoplastic
antineoplastic/534,antineoplastic
antineoplastic/535,antineoplastic
antineoplastic/536,antineoplastic
antineoplastic/537,antineoplastic
antineoplastic/538,antineoplastic
antineoplastic/539,antineoplastic
antineoplastic/540,antineoplastic
antineoplastic/541,antineoplastic
antineoplastic/542,antineoplastic
antineoplastic/543,antineoplastic
antineoplastic/544,antineoplastic
antineoplastic/545,antineoplastic
antineoplastic/546,antineoplastic
antineoplastic/547,antineoplastic
antineoplastic/548,antineoplastic
antineoplastic/549,antineoplastic
antineoplastic/550,antineoplastic
antineoplastic/551,antineoplastic
antineoplastic/552,antineoplastic
antineoplastic/553,antineoplastic
antineoplastic/554,antineoplastic
antineoplastic/555,antineoplastic
antineoplastic/556,antineoplastic
antineoplastic/557,antineoplastic
antineoplastic/558,antineoplastic
antineoplastic/559,antineoplastic
antineoplastic/560,antineoplastic
antineoplastic/561,antineoplastic
antineoplastic/562,antineoplastic
antineoplastic/563,antineoplastic
antineoplastic/564,antineoplastic
antineoplastic/565,antineoplastic
antineoplastic/566,antineoplastic
antineoplastic/567,antineoplastic
antineoplastic/568,antineoplastic
antineoplastic/569,antineoplastic
antineoplastic/570,antineoplastic
antineoplastic/571,antineoplastic
antineoplastic/572,antineoplastic
antineoplastic/573,antineoplastic
antineoplastic/574,antineoplastic
antineoplastic/575,antineoplastic
antineoplastic/576,antineoplastic
antineoplastic/577,antineoplastic
antineoplastic/578,antineoplastic
antineoplastic/579,antineoplastic
antineoplastic/580,antineoplastic
antineoplastic/581,antineoplastic
antineoplastic/582,antineoplastic
antineoplastic/583,antineoplastic
antineoplastic/584,antineoplastic
antineoplastic/585,antineoplastic
antineoplastic/586,antineoplastic
antineoplastic/587,antineoplastic
antineoplastic/588,antineoplastic
antineoplastic/589,antineoplastic
antineoplastic/590,antineoplastic
antineoplastic/591,antineoplastic
antineoplastic/592,antineoplastic
antineoplastic/593,antineoplastic
antineoplastic/594,antineoplastic
antineoplastic/595,antineoplastic
antineoplastic/596,antineoplastic
antineoplastic/597,antineoplastic
antineoplastic/598,antineoplastic
antineoplastic/599,antineoplastic
antineoplastic/600,antineoplastic
antineoplastic/601,antineoplastic
antineoplastic/602,antineoplastic
antineoplastic/603,antineoplastic
antineoplastic/604,antineoplastic
antineoplastic/605,antineoplastic
antineoplastic/606,antineoplastic
antineoplastic/607,antineoplastic
antineoplastic/608,antineoplastic
antineoplastic/609,antineoplastic
antineoplastic/610,antineoplastic
antineoplastic/611,antineoplastic
antineoplastic/612,antineoplastic
antineoplastic/613,antineoplastic
antineoplastic/614,antineoplastic
antineoplastic/615,antineoplastic
antineoplastic/616,antineoplastic
antineoplastic/617,antineoplastic
antineoplastic/618,antineoplastic
antineoplastic/619,antineoplastic
antineoplastic/620,antineoplastic
antineoplastic/621,antineoplastic
antineoplastic/622,antineoplastic
antineoplastic/623,antineoplastic
antineoplastic/624,antineoplastic
antineoplastic/625,antineoplastic
antineoplastic/626,antineoplastic
antineoplastic/627,antineoplastic
antineoplastic/628,antineoplastic
antineoplastic/629,antineoplastic
antineoplastic/630,antineoplastic
antineoplastic/631,antineoplastic
antineoplastic/632,antineoplastic
antineoplastic/633,antineoplastic
antineoplastic/634,antineoplastic
antineoplastic/635,antineoplastic
antineoplastic/636,antineoplastic
antineoplastic/637,antineoplastic
antineoplastic/638,antineoplastic
antineoplastic/639,antineoplastic
antineoplastic/640,antineoplastic
antineoplastic/641,antineoplastic
antineoplastic/642,antineoplastic
antineoplastic/643,antineoplastic
antineoplastic/644,antineoplastic
antineoplastic/645,antineoplastic
antineoplastic/646,antineoplastic
antineoplastic/647,antineoplastic
antineoplastic/648,antineoplastic
antineoplastic/649,antineoplastic
antineoplastic/650,antineoplastic
antineoplastic/651,antineoplastic
antineoplastic/652,antineoplastic
antineoplastic/653,antineoplastic
antineoplastic/654,antineoplastic
antineoplastic/655,antineoplastic
antineoplastic/656,antineoplastic
antineoplastic/657,antineoplastic
antineoplastic/658,antineoplastic
antineoplastic/659,antineoplastic
antineoplastic/660,antineoplastic
antineoplastic/661,antineoplastic
antineoplastic/662,antineoplastic
antineoplastic/663,antineoplastic
antineoplastic/664,antineoplastic
antineoplastic/665,antineoplastic
antineoplastic/666,antineoplastic
antineoplastic/667,antineoplastic
antineoplastic/668,antineoplastic
antineoplastic/669,antineoplastic
antineoplastic/670,antineoplastic
antineoplastic/671,antineoplastic
antineoplastic/672,antineoplastic
antineoplastic/673,antineoplastic
antineoplastic/674,antineoplastic
antineoplastic/675,antineoplastic
antineoplastic/676,antineoplastic
antineoplastic/677,antineoplastic
antineoplastic/678,antineoplastic
antineoplastic/679,antineoplastic
antineoplastic/680,antineoplastic
antineoplastic/681,antineoplastic
antineoplastic/682,antineoplastic
antineoplastic/683,antineoplastic
antineoplastic/684,antineoplastic
antineoplastic/685,antineoplastic
antineoplastic/686,antineoplastic
antineoplastic/687,antineoplastic
antineoplastic/688,antineoplastic
antineoplastic/689,antineoplastic
antineoplastic/690,antineoplastic
antineoplastic/691,antineoplastic
antineoplastic/692,antineoplastic
antineoplastic/693,antineoplastic
antineoplastic/694,antineoplastic
antineoplastic/695,antineoplastic
antineoplastic/696,antineoplastic
antineoplastic/697,antineoplastic
antineoplastic/698,antineoplastic
antineoplastic/699,antineoplastic
antineoplastic/700,antineoplastic
antineoplastic/701,antineoplastic
antineoplastic/702,antineoplastic
antineoplastic/703,antineoplastic
antineoplastic/704,antineoplastic
antineoplastic/705,antineoplastic
antineoplastic/706,antineoplastic
antineoplastic/707,antineoplastic
antineoplastic/708,antineoplastic
antineoplastic/709,antineoplastic
antineoplastic/710,antineoplastic
antineoplastic/711,antineoplastic
antineoplastic/712,antineoplastic
antineoplastic/713,antineoplastic
antineoplastic/714,antineoplastic
antineoplastic/715,antineoplastic
antineoplastic/716,antineoplastic
antineoplastic/717,antineoplastic
antineoplastic/718,antineoplastic
antineoplastic/719,antineoplastic
antineoplastic/720,antineoplastic
antineoplastic/721,antineoplastic
antineoplastic/722,antineoplastic
antineoplastic/723,antineoplastic
antineoplastic/724,antineoplastic
antineoplastic/725,antineoplastic
antineoplastic/726,antineoplastic
antineoplastic/727,antineoplastic
antineoplastic/728,antineoplastic
antineoplastic/729,antineoplastic
antineoplastic/730,antineoplastic
antineoplastic/731,antineoplastic
antineoplastic/732,antineoplastic
antineoplastic/733,antineoplastic
antineoplastic/734,antineoplastic
antineoplastic/735,antineoplastic
antineoplastic/736,antineoplastic
antineoplastic/737,antineoplastic
antineoplastic/738,antineoplastic
antineoplastic/739,antineoplastic
antineoplastic/740,antineoplastic
antineoplastic/741,antineoplastic
antineoplastic/742,antineoplastic
antineoplastic/743,antineoplastic
antineoplastic/744,antineoplastic
antineoplastic/745,antineoplastic
antineoplastic/746,antineoplastic
antineoplastic/747,antineoplastic
antineoplastic/748,antineoplastic
antineoplastic/749,antineoplastic
antineoplastic/750,antineoplastic
antineoplastic/751,antineoplastic
antineoplastic/752,antineoplastic
antineoplastic/753,antineoplastic
antineoplastic/754,antineoplastic
antineoplastic/755,antineoplastic
antineoplastic/756,antineoplastic
antineoplastic/757,antineoplastic
antineoplastic/758,antineoplastic
antineoplastic/759,antineoplastic
antineoplastic/760,antineoplastic
antineoplastic/761,antineoplastic
antineoplastic/762,antineoplastic
antineoplastic/763,antineoplastic
antineoplastic/764,antineoplastic
antineoplastic/765,antineoplastic
antineoplastic/766,antineoplastic
antineoplastic/767,antineoplastic
antineoplastic/768,antineoplastic
antineoplastic/769,antineoplastic
antineoplastic/770,antineoplastic
antineoplastic/771,antineoplastic
antineoplastic/772,antineoplastic
antineoplastic/773,antineoplastic
antineoplastic/774,antineoplastic
antineoplastic/775,antineoplastic
antineoplastic/776,antineoplastic
antineoplastic/777,antineoplastic
antineoplastic/778,antineoplastic
antineoplastic/779,antineoplastic
antineoplastic/780,antineoplastic
antineoplastic/781,antineoplastic
antineoplastic/782,antineoplastic
antineoplastic/783,antineoplastic
antineoplastic/784,antineoplastic
antineoplastic/785,antineoplastic
antineoplastic/786,antineoplastic
antineoplastic/787,antineoplastic
antineoplastic/788,antineoplastic
antineoplastic/789,antineoplastic
antineoplastic/790,antineoplastic
antineoplastic/791,antineoplastic
antineoplastic/792,antineoplastic
antineoplastic/793,antineoplastic
antineoplastic/794,antineoplastic
antineoplastic/795,antineoplastic
antineoplastic/796,antineoplastic
antineoplastic/797,antineoplastic
antineoplastic/798,antineoplastic
antineoplastic/799,antineoplastic
antineoplastic/800,antineoplastic
antineoplastic/801,antineoplastic
antineoplastic/802,antineoplastic
antineoplastic/803,antineoplastic
antineoplastic/804,antineoplastic
antineoplastic/805,antineoplastic
antineoplastic/806,antineoplastic
antineoplastic/807,antineoplastic
antineoplastic/808,antineoplastic
antineoplastic/809,antineoplastic
antineoplastic/810,antineoplastic
antineoplastic/811,antineoplastic
antineoplastic/812,antineoplastic
antineoplastic/813,antineoplastic
antineoplastic/814,antineoplastic
antineoplastic/815,antineoplastic
antineoplastic/816,antineoplastic
antineoplastic/817,antineoplastic
antineoplastic/818,antineoplastic
antineoplastic/819,antineoplastic
antineoplastic/820,antineoplastic
antineoplastic/821,antineoplastic
antineoplastic/822,antineoplastic
antineoplastic/823,antineoplastic
antineoplastic/824,antineoplastic
antineoplastic/825,antineoplastic
antineoplastic/826,antineoplastic
antineoplastic/827,antineoplastic
antineoplastic/828,antineoplastic
antineoplastic/829,antineoplastic
antineoplastic/830,antineoplastic
antineoplastic/831,antineoplastic
antineoplastic/832,antineoplastic
antineoplastic/833,antineoplastic
antineoplastic/834,antineoplastic
antineoplastic/835,antineoplastic
antineoplastic/836,antineoplastic
antineoplastic/837,antineoplastic
antineoplastic/838,antineoplastic
antineoplastic/839,antineoplastic
antineoplastic/840,antineoplastic
antineoplastic/841,antineoplastic
antineoplastic/842,antineoplastic
antineoplastic/843,antineoplastic
antineoplastic/844,antineoplastic
antineoplastic/845,antineoplastic
antineoplastic/846,antineoplastic
antineoplastic/847,antineoplastic
antineoplastic/848,antineoplastic
antineoplastic/849,antineoplastic
antineoplastic/850,antineoplastic
antineoplastic/851,antineoplastic
antineoplastic/852,antineoplastic
antineoplastic/853,antineoplastic
antineoplastic/854,antineoplastic
antineoplastic/855,antineoplastic
antineoplastic/856,antineoplastic
antineoplastic/857,antineoplastic
antineoplastic/858,antineoplastic
antineoplastic/859,antineoplastic
antineoplastic/860,antineoplastic
antineoplastic/861,antineoplastic
antineoplastic/862,antineoplastic
antineoplastic/863,antineoplastic
antineoplastic/864,antineoplastic
antineoplastic/865,antineoplastic
antineoplastic/866,antineoplastic
antineoplastic/867,antineoplastic
antineoplastic/868,antineoplastic
antineoplastic/869,antineoplastic
antineoplastic/870,antineoplastic
antineoplastic/871,antineoplastic
antineoplastic/872,antineoplastic
antineoplastic/873,antineoplastic
antineoplastic/874,antineoplastic
antineoplastic/875,antineoplastic
antineoplastic/876,antineoplastic
antineoplastic/877,antineoplastic
antineoplastic/878,antineoplastic
antineoplastic/879,antineoplastic
antineoplastic/880,antineoplastic
antineoplastic/881,antineoplastic
antineoplastic/882,antineoplastic
antineoplastic/883,antineoplastic
antineoplastic/884,antineoplastic
antineoplastic/885,antineoplastic
antineoplastic/886,antineoplastic
antineoplastic/887,antineoplastic
antineoplastic/888,antineoplastic
antineoplastic/889,antineoplastic
antineoplastic/890,antineoplastic
antineoplastic/891,antineoplastic
antineoplastic/892,antineoplastic
antineoplastic/893,antineoplastic
antineoplastic/894,antineoplastic
antineoplastic/895,antineoplastic
antineoplastic/896,antineoplastic
antineoplastic/897,antineoplastic
antineoplastic/898,antineoplastic
antineoplastic/899,antineoplastic
antineoplastic/900,antineoplastic
antineoplastic/901,antineoplastic
antineoplastic/902,antineoplastic
antineoplastic/903,antineoplastic
antineoplastic/904,antineoplastic
antineoplastic/905,antineoplastic
antineoplastic/906,antineoplastic
antineoplastic/907,antineoplastic
antineoplastic/908,antineoplastic
antineoplastic/909,antineoplastic
antineoplastic/910,antineoplastic
antineoplastic/911,antineoplastic
antineoplastic/912,antineoplastic
antineoplastic/913,antineoplastic
antineoplastic/914,antineoplastic
antineoplastic/915,antineoplastic
antineoplastic/916,antineoplastic
antineoplastic/917,antineoplastic
antineoplastic/918,antineoplastic
antineoplastic/919,antineoplastic
antineoplastic/920,antineoplastic
antineoplastic/921,antineoplastic
antineoplastic/922,antineoplastic
antineoplastic/923,antineoplastic
antineoplastic/924,antineoplastic
antineoplastic/925,antineoplastic
antineoplastic/926,antineoplastic
antineoplastic/927,antineoplastic
antineoplastic/928,antineoplastic
antineoplastic/929,antineoplastic
antineoplastic/930,antineoplastic
antineoplastic/931,antineoplastic
antineoplastic/932,antineoplastic
antineoplastic/933,antineoplastic
antineoplastic/934,antineoplastic
antineoplastic/935,antineoplastic
antineoplastic/936,antineoplastic
antineoplastic/937,antineoplastic
antineoplastic/938,antineoplastic
antineoplastic/939,antineoplastic
antineoplastic/940,antineoplastic
antineoplastic/941,antineoplastic
antineoplastic/942,antineoplastic
antineoplastic/943,antineoplastic
antineoplastic/944,antineoplastic
antineoplastic/945,antineoplastic
antineoplastic/946,antineoplastic
antineoplastic/947,antineoplastic
antineoplastic/948,antineoplastic
antineoplastic/949,antineoplastic
antineoplastic/950,antineoplastic
antineoplastic/951,antineoplastic
antineoplastic/952,antineoplastic
antineoplastic/953,antineoplastic
antineoplastic/954,antineoplastic
antineoplastic/955,antineoplastic
antineoplastic/956,antineoplastic
antineoplastic/957,antineoplastic
antineoplastic/958,antineoplastic
antineoplastic/959,antineoplastic
antineoplastic/960,antineoplastic
antineoplastic/961,antineoplastic
antineoplastic/962,antineoplastic
antineoplastic/963,antineoplastic
antineoplastic/964,antineoplastic
antineoplastic/965,antineoplastic
antineoplastic/966,antineoplastic
antineoplastic/967,antineoplastic
antineoplastic/968,antineoplastic
antineoplastic/969,antineoplastic
antineoplastic/970,antineoplastic
antineoplastic/971,antineoplastic
antineoplastic/972,antineoplastic
antineoplastic/973,antineoplastic
antineoplastic/974,antineoplastic
antineoplastic/975,antineoplastic
antineoplastic/976,antineoplastic
antineoplastic/977,antineoplastic
antineoplastic/978,antineoplastic
antineoplastic/979,antineoplastic
antineoplastic/980,antineoplastic
antineoplastic/981,antineoplastic
antineoplastic/982,antineoplastic
antineoplastic/983,antineoplastic
antineoplastic/984,antineoplastic
antineoplastic/985,antineoplastic
antineoplastic/986,antineoplastic
antineoplastic/987,antineoplastic
antineoplastic/988,antineoplastic
antineoplastic/989,antineoplastic
antineoplastic/990,antineoplastic
antineoplastic/991,antineoplastic
antineoplastic/992,antineoplastic
antineoplastic/993,antineoplastic
antineoplastic/994,antineoplastic
antineoplastic/995,antineoplastic
antineoplastic/996,antineoplastic
antineoplastic/997,antineoplastic
antineoplastic/998,antineoplastic
antineoplastic/999,antineoplastic
antineoplastic/1000,antineoplastic
antineoplastic/1001,antineoplastic
antineoplastic/1002,antineoplastic
antineoplastic/1003,antineoplastic
antineoplastic/1004,antineoplastic
antineoplastic/1005,antineoplastic
antineoplastic/1006,antineoplastic
antineoplastic/1007,antineoplastic
antineoplastic/1008,antineoplastic
antineoplastic/1009,antineoplastic
antineoplastic/1010,antineoplastic
antineoplastic/1011,antineoplastic
antineoplastic/1012,antineoplastic
antineoplastic/1013,antineoplastic
antineoplastic/1014,antineoplastic
antineoplastic/1015,antineoplastic
antineoplastic/1016,antineoplastic
antineoplastic/1017,antineoplastic
antineoplastic/1018,antineoplastic
antineoplastic/1019,antineoplastic
antineoplastic/1020,antineoplastic
antineoplastic/1021,antineoplastic
antineoplastic/1022,antineoplastic
antineoplastic/1023,antineoplastic
antineoplastic/1024,antineoplastic
antineoplastic/1025,antineoplastic
antineoplastic/1026,antineoplastic
antineoplastic/1027,antineoplastic
antineoplastic/1028,antineoplastic
antineoplastic/1029,antineoplastic
antineoplastic/1030,antineoplastic
antineoplastic/1031,antineoplastic
antineoplastic/1032,antineoplastic
antineoplastic/1033,antineoplastic
antineoplastic/1034,antineoplastic
antineoplastic/1035,antineoplastic
antineoplastic/1036,antineoplastic
antineoplastic/1037,antineoplastic
antineoplastic/1038,antineoplastic
antineoplastic/1039,antineoplastic
antineoplastic/1040,antineoplastic
antineoplastic/1041,antineoplastic
antineoplastic/1042,antineoplastic
antineoplastic/1043,antineoplastic
antineoplastic/1044,antineoplastic
antineoplastic/1045,antineoplastic
antineoplastic/1046,antineoplastic
antineoplastic/1047,antineoplastic
antineoplastic/1048,antineoplastic
antineoplastic/1049,antineoplastic
antineoplastic/1050,antineoplastic
antineoplastic/1051,antineoplastic
antineoplastic/1052,antineoplastic
antineoplastic/1053,antineoplastic
antineoplastic/1054,antineoplastic
antineoplastic/1055,antineoplastic
antineoplastic/1056,antineoplastic
antineoplastic/1057,antineoplastic
antineoplastic/1058,antineoplastic
antineoplastic/1059,antineoplastic
antineoplastic/1060,antineoplastic
antineoplastic/1061,antineoplastic
antineoplastic/1062,antineoplastic
antineoplastic/1063,antineoplastic
antineoplastic/1064,antineoplastic
antineoplastic/1065,antineoplastic
antineoplastic/1066,antineoplastic
antineoplastic/1067,antineoplastic
antineoplastic/1068,antineoplastic
antineoplastic/1069,antineoplastic
antineoplastic/1070,antineoplastic
antineoplastic/1071,antineoplastic
antineoplastic/1072,antineoplastic
antineoplastic/1073,antineoplastic
antineoplastic/1074,antineoplastic
antineoplastic/1075,antineoplastic
antineoplastic/1076,antineoplastic
antineoplastic/1077,antineoplastic
antineoplastic/1078,antineoplastic
antineoplastic/1079,antineoplastic
antineoplastic/1080,antineoplastic
antineoplastic/1081,antineoplastic
antineoplastic/1082,antineoplastic
antineoplastic/1083,antineoplastic
antineoplastic/1084,antineoplastic
antineoplastic/1085,antineoplastic
antineoplastic/1086,antineoplastic
antineoplastic/1087,antineoplastic
antineoplastic/1088,antineoplastic
antineoplastic/1089,antineoplastic
antineoplastic/1090,antineoplastic
antineoplastic/1091,antineoplastic
antineoplastic/1092,antineoplastic
antineoplastic/1093,antineoplastic
antineoplastic/1094,antineoplastic
antineoplastic/1095,antineoplastic
antineoplastic/1096,antineoplastic
antineoplastic/1097,antineoplastic
antineoplastic/1098,antineoplastic
antineoplastic/1099,antineoplastic
antineoplastic/1100,antineoplastic
antineoplastic/1101,antineoplastic
antineoplastic/1102,antineoplastic
antineoplastic/1103,antineoplastic
antineoplastic/1104,antineoplastic
antineoplastic/1105,antineoplastic
antineoplastic/1106,antineoplastic
antineoplastic/1107,antineoplastic
antineoplastic/1108,antineoplastic
antineoplastic/1109,antineoplastic
antineoplastic/1110,antineoplastic
antineoplastic/1111,antineoplastic
antineoplastic/1112,antineoplastic
antineoplastic/1113,antineoplastic
antineoplastic/1114,antineoplastic
antineoplastic/1115,antineoplastic
antineoplastic/1116,antineoplastic
antineoplastic/1117,antineoplastic
antineoplastic/1118,antineoplastic
antineoplastic/1119,antineoplastic
antineoplastic/1120,antineoplastic
antineoplastic/1121,antineoplastic
antineoplastic/1122,antineoplastic
antineoplastic/1123,antineoplastic
antineoplastic/1124,antineoplastic
antineoplastic/1125,antineoplastic
antineoplastic/1126,antineoplastic
antineoplastic/1127,antineoplastic
antineoplastic/1128,antineoplastic
antineoplastic/1129,antineoplastic
antineoplastic/1130,antineoplastic
antineoplastic/1131,antineoplastic
antineoplastic/1132,antineoplastic
antineoplastic/1133,antineoplastic
antineoplastic/1134,antineoplastic
antineoplastic/1135,antineoplastic
antineoplastic/1136,antineoplastic
antineoplastic/1137,antineoplastic
antineoplastic/1138,antineoplastic
antineoplastic/1139,antineoplastic
antineoplastic/1140,antineoplastic
antineoplastic/1141,antineoplastic
antineoplastic/1142,antineoplastic
antineoplastic/1143,antineoplastic
antineoplastic/1144,antineoplastic
antineoplastic/1145,antineoplastic
antineoplastic/1146,antineoplastic
antineoplastic/1147,antineoplastic
antineoplastic/1148,antineoplastic
antineoplastic/1149,antineoplastic
antineoplastic/1150,antineoplastic
antineoplastic/1151,antineoplastic
antineoplastic/1152,antineoplastic
antineoplastic/1153,antineoplastic
antineoplastic/1154,antineoplastic
antineoplastic/1155,antineoplastic
antineoplastic/1156,antineoplastic
antineoplastic/1157,antineoplastic
antineoplastic/1158,antineoplastic
antineoplastic/1159,antineoplastic
antineoplastic/1160,antineoplastic
antineoplastic/1161,antineoplastic
antineoplastic/1162,antineoplastic
antineoplastic/1163,antineoplastic
antineoplastic/1164,antineoplastic
antineoplastic/1165,antineoplastic
antineoplastic/1166,antineoplastic
antineoplastic/1167,antineoplastic
antineoplastic/1168,antineoplastic
antineoplastic/1169,antineoplastic
antineoplastic/1170,antineoplastic
antineoplastic/1171,antineoplastic
antineoplastic/1172,antineoplastic
antineoplastic/1173,antineoplastic
antineoplastic/1174,antineoplastic
antineoplastic/1175,antineoplastic
antineoplastic/1176,antineoplastic
antineoplastic/1177,antineoplastic
antineoplastic/1178,antineoplastic
antineoplastic/1179,antineoplastic
antineoplastic/1180,antineoplastic
antineoplastic/1181,antineoplastic
antineoplastic/1182,antineoplastic
antineoplastic/1183,antineoplastic
antineoplastic/1184,antineoplastic
antineoplastic/1185,antineoplastic
antineoplastic/1186,antineoplastic
antineoplastic/1187,antineoplastic
antineoplastic/1188,antineoplastic
antineoplastic/1189,antineoplastic
antineoplastic/1190,antineoplastic
antineoplastic/1191,antineoplastic
antineoplastic/1192,antineoplastic
antineoplastic/1193,antineoplastic
antineoplastic/1194,antineoplastic
antineoplastic/1195,antineoplastic
antineoplastic/1196,antineoplastic
antineoplastic/1197,antineoplastic
antineoplastic/1198,antineoplastic
antineoplastic/1199,antineoplastic
antineoplastic/1200,antineoplastic
antineoplastic/1201,antineoplastic
antineoplastic/1202,antineoplastic
antineoplastic/1203,antineoplastic
antineoplastic/1204,antineoplastic
antineoplastic/1205,antineoplastic
antineoplastic/1206,antineoplastic
antineoplastic/1207,antineoplastic
antineoplastic/1208,antineoplastic
antineoplastic/1209,antineoplastic
antineoplastic/1210,antineoplastic
antineoplastic/1211,antineoplastic
antineoplastic/1212,antineoplastic
antineoplastic/1213,antineoplastic
antineoplastic/1214,antineoplastic
antineoplastic/1215,antineoplastic
antineoplastic/1216,antineoplastic
antineoplastic/1217,antineoplastic
antineoplastic/1218,antineoplastic
antineoplastic/1219,antineoplastic
antineoplastic/1220,antineoplastic
antineoplastic/1221,antineoplastic
antineoplastic/1222,antineoplastic
antineoplastic/1223,antineoplastic
antineoplastic/1224,antineoplastic
antineoplastic/1225,antineoplastic
antineoplastic/1226,antineoplastic
antineoplastic/1227,antineoplastic
antineoplastic/1228,antineoplastic
antineoplastic/1229,antineoplastic
antineoplastic/1230,antineoplastic
antineoplastic/1231,antineoplastic
antineoplastic/1232,antineoplastic
antineoplastic/1233,antineoplastic
antineoplastic/1234,antineoplastic
antineoplastic/1235,antineoplastic
antineoplastic/1236,antineoplastic
antineoplastic/1237,antineoplastic
antineoplastic/1238,antineoplastic
antineoplastic/1239,antineoplastic
antineoplastic/1240,antineoplastic
antineoplastic/1241,antineoplastic
antineoplastic/1242,antineoplastic
antineoplastic/1243,antineoplastic
antineoplastic/1244,antineoplastic
antineoplastic/1245,antineoplastic
antineoplastic/1246,antineoplastic
antineoplastic/1247,antineoplastic
antineoplastic/1248,antineoplastic
antineoplastic/1249,antineoplastic
antineoplastic/1250,antineoplastic
antineoplastic/1251,antineoplastic
antineoplastic/1252,antineoplastic
antineoplastic/1253,antineoplastic
antineoplastic/1254,antineoplastic
antineoplastic/1255,antineoplastic
antineoplastic/1256,antineoplastic
antineoplastic/1257,antineoplastic
antineoplastic/1258,antineoplastic
antineoplastic/1259,antineoplastic
antineoplastic/1260,antineoplastic
antineoplastic/1261,antineoplastic
antineoplastic/1262,antineoplastic
antineoplastic/1263,antineoplastic
antineoplastic/1264,antineoplastic
antineoplastic/1265,antineoplastic
antineoplastic/1266,antineoplastic
antineoplastic/1267,antineoplastic
antineoplastic/1268,antineoplastic
antineoplastic/1269,antineoplastic
antineoplastic/1270,antineoplastic
antineoplastic/1271,antineoplastic
antineoplastic/1272,antineoplastic
antineoplastic/1273,antineoplastic
antineoplastic/1274,antineoplastic
antineoplastic/1275,antineoplastic
antineoplastic/1276,antineoplastic
antineoplastic/1277,antineoplastic
antineoplastic/1278,antineoplastic
antineoplastic/1279,antineoplastic
antineoplastic/1280,antineoplastic
antineoplastic/1281,antineoplastic
antineoplastic/1282,antineoplastic
antineoplastic/1283,antineoplastic
antineoplastic/1284,antineoplastic
antineoplastic/1285,antineoplastic
antineoplastic/1286,antineoplastic
antineoplastic/1287,antineoplastic
antineoplastic/1288,antineoplastic
antineoplastic/1289,antineoplastic
antineoplastic/1290,antineoplastic
antineoplastic/1291,antineoplastic
antineoplastic/1292,antineoplastic
antineoplastic/1293,antineoplastic
antineoplastic/1294,antineoplastic
antineoplastic/1295,antineoplastic
antineoplastic/1296,antineoplastic
antineoplastic/1297,antineoplastic
antineoplastic/1298,antineoplastic
antineoplastic/1299,antineoplastic
antineoplastic/1300,antineoplastic
antineoplastic/1301,antineoplastic
antineoplastic/1302,antineoplastic
antineoplastic/1303,antineoplastic
antineoplastic/1304,antineoplastic
antineoplastic/1305,antineoplastic
antineoplastic/1306,antineoplastic
antineoplastic/1307,antineoplastic
antineoplastic/1308,antineoplastic
antineoplastic/1309,antineoplastic
antineoplastic/1310,antineoplastic
antineoplastic/1311,antineoplastic
antineoplastic/1312,antineoplastic
antineoplastic/1313,antineoplastic
antineoplastic/1314,antineoplastic
antineoplastic/1315,antineoplastic
antineoplastic/1316,antineoplastic
antineoplastic/1317,antineoplastic
antineoplastic/1318,antineoplastic
antineoplastic/1319,antineoplastic
antineoplastic/1320,antineoplastic
antineoplastic/1321,antineoplastic
antineoplastic/1322,antineoplastic
antineoplastic/1323,antineoplastic
antineoplastic/1324,antineoplastic
antineoplastic/1325,antineoplastic
cardio/0,cardio
cardio/1,cardio
cardio/2,cardio
cardio/3,cardio
cardio/4,cardio
cardio/5,cardio
cardio/6,cardio
cardio/7,cardio
cardio/8,cardio
cardio/9,cardio
cardio/10,cardio
cardio/11,cardio
cardio/12,cardio
cardio/13,cardio
cardio/14,cardio
cardio/15,cardio
cardio/16,cardio
cardio/17,cardio
cardio/18,cardio
cardio/19,cardio
cardio/20,cardio
cardio/21,cardio
cardio/22,cardio
cardio/23,cardio
cardio/24,cardio
cardio/25,cardio
cardio/26,cardio
cardio/27,cardio
cardio/28,cardio
cardio/29,cardio
cardio/30,cardio
cardio/31,cardio
cardio/32,cardio
cardio/33,cardio
cardio/34,cardio
cardio/35,cardio
cardio/36,cardio
cardio/37,cardio
cardio/38,cardio
cardio/39,cardio
cardio/40,cardio
cardio/41,cardio
cardio/42,cardio
cardio/43,cardio
cardio/44,cardio
cardio/45,cardio
cardio/46,cardio
cardio/47,cardio
cardio/48,cardio
cardio/49,cardio
cardio/50,cardio
cardio/51,cardio
cardio/52,cardio
cardio/53,cardio
cardio/54,cardio
cardio/55,cardio
cardio/56,cardio
cardio/57,cardio
cardio/58,cardio
cardio/59,cardio
cardio/60,cardio
cardio/61,cardio
cardio/62,cardio
cardio/63,cardio
cardio/64,cardio
cardio/65,cardio
cardio/66,cardio
cardio/67,cardio
cardio/68,cardio
cardio/69,cardio
cardio/70,cardio
cardio/71,cardio
cardio/72,cardio
cardio/73,cardio
cardio/74,cardio
cardio/75,cardio
cardio/76,cardio
cardio/77,cardio
cardio/78,cardio
cardio/79,cardio
cardio/80,cardio
cardio/81,cardio
cardio/82,cardio
cardio/83,cardio
cardio/84,cardio
cardio/85,cardio
cardio/86,cardio
cardio/87,cardio
cardio/88,cardio
cardio/89,cardio
cardio/90,cardio
cardio/91,cardio
cardio/92,cardio
cardio/93,cardio
cardio/94,cardio
cardio/95,cardio
cardio/96,cardio
cardio/97,cardio
cardio/98,cardio
cardio/99,cardio
cardio/100,cardio
cardio/101,cardio
cardio/102,cardio
cardio/103,cardio
cardio/104,cardio
cardio/105,cardio
cardio/106,cardio
cardio/107,cardio
cardio/108,cardio
cardio/109,cardio
cardio/110,cardio
cardio/111,cardio
cardio/112,cardio
cardio/113,cardio
cardio/114,cardio
cardio/115,cardio
cardio/116,cardio
cardio/117,cardio
cardio/118,cardio
cardio/119,cardio
cardio/120,cardio
cardio/121,cardio
cardio/122,cardio
cardio/123,cardio
cardio/124,cardio
cardio/125,cardio
cardio/126,cardio
cardio/127,cardio
cardio/128,cardio
cardio/129,cardio
cardio/130,cardio
cardio/131,cardio
cardio/132,cardio
cardio/133,cardio
cardio/134,cardio
cardio/135,cardio
cardio/136,cardio
cardio/137,cardio
cardio/138,cardio
cardio/139,cardio
cardio/140,cardio
cardio/141,cardio
cardio/142,cardio
cardio/143,cardio
cardio/144,cardio
cardio/145,cardio
cardio/146,cardio
cardio/147,cardio
cardio/148,cardio
cardio/149,cardio
cardio/150,cardio
cardio/151,cardio
cardio/152,cardio
cardio/153,cardio
cardio/154,cardio
cardio/155,cardio
cardio/156,cardio
cardio/157,cardio
cardio/158,cardio
cardio/159,cardio
cardio/160,cardio
cardio/161,cardio
cardio/162,cardio
cardio/163,cardio
cardio/164,cardio
cardio/165,cardio
cardio/166,cardio
cardio/167,cardio
cardio/168,cardio
cardio/169,cardio
cardio/170,cardio
cardio/171,cardio
cardio/172,cardio
cardio/173,cardio
cardio/174,cardio
cardio/175,cardio
cardio/176,cardio
cardio/177,cardio
cardio/178,cardio
cardio/179,cardio
cardio/180,cardio
cardio/181,cardio
cardio/182,cardio
cardio/183,cardio
cardio/184,cardio
cardio/185,cardio
cardio/186,cardio
cardio/187,cardio
cardio/188,cardio
cardio/189,cardio
cardio/190,cardio
cardio/191,cardio
cardio/192,cardio
cardio/193,cardio
cardio/194,cardio
cardio/195,cardio
cardio/196,cardio
cardio/197,cardio
cardio/198,cardio
cardio/199,cardio
cardio/200,cardio
cardio/201,cardio
cardio/202,cardio
cardio/203,cardio
cardio/204,cardio
cardio/205,cardio
cardio/206,cardio
cardio/207,cardio
cardio/208,cardio
cardio/209,cardio
cardio/210,cardio
cardio/211,cardio
cardio/212,cardio
cardio/213,cardio
cardio/214,cardio
cardio/215,cardio
cardio/216,cardio
cardio/217,cardio
cardio/218,cardio
cardio/219,cardio
cardio/220,cardio
cardio/221,cardio
cardio/222,cardio
cardio/223,cardio
cardio/224,cardio
cardio/225,cardio
cardio/226,cardio
cardio/227,cardio
cardio/228,cardio
cardio/229,cardio
cardio/230,cardio
cardio/231,cardio
cardio/232,cardio
cardio/233,cardio
cardio/234,cardio
cardio/235,cardio
cardio/236,cardio
cardio/237,cardio
cardio/238,cardio
cardio/239,cardio
cardio/240,cardio
cardio/241,cardio
cardio/242,cardio
cardio/243,cardio
cardio/244,cardio
cardio/245,cardio
cardio/246,cardio
cardio/247,cardio
cardio/248,cardio
cardio/249,cardio
cardio/250,cardio
cardio/251,cardio
cardio/252,cardio
cardio/253,cardio
cardio/254,cardio
cardio/255,cardio
cardio/256,cardio
cardio/257,cardio
cardio/258,cardio
cardio/259,cardio
cardio/260,cardio
cardio/261,cardio
cardio/262,cardio
cardio/263,cardio
cardio/264,cardio
cardio/265,cardio
cardio/266,cardio
cardio/267,cardio
cardio/268,cardio
cardio/269,cardio
cardio/270,cardio
cardio/271,cardio
cardio/272,cardio
cardio/273,cardio
cardio/274,cardio
cardio/275,cardio
cardio/276,cardio
cardio/277,cardio
cardio/278,cardio
cardio/279,cardio
cardio/280,cardio
cardio/281,cardio
cardio/282,cardio
cardio/283,cardio
cardio/284,cardio
cardio/285,cardio
cardio/286,cardio
cardio/287,cardio
cardio/288,cardio
cardio/289,cardio
cardio/290,cardio
cardio/291,cardio
cardio/292,cardio
cardio/293,cardio
cardio/294,cardio
cardio/295,cardio
cardio/296,cardio
cardio/297,cardio
cardio/298,cardio
cardio/299,cardio
cardio/300,cardio
cardio/301,cardio
cardio/302,cardio
cardio/303,cardio
cardio/304,cardio
cardio/305,cardio
cardio/306,cardio
cardio/307,cardio
cardio/308,cardio
cardio/309,cardio
cardio/310,cardio
cardio/311,cardio
cardio/312,cardio
cardio/313,cardio
cardio/314,cardio
cardio/315,cardio
cardio/316,cardio
cardio/317,cardio
cardio/318,cardio
cardio/319,cardio
cardio/320,cardio
cardio/321,cardio
cardio/322,cardio
cardio/323,cardio
cardio/324,cardio
cardio/325,cardio
cardio/326,cardio
cardio/327,cardio
cardio/328,cardio
cardio/329,cardio
cardio/330,cardio
cardio/331,cardio
cardio/332,cardio
cardio/333,cardio
cardio/334,cardio
cardio/335,cardio
cardio/336,cardio
cardio/337,cardio
cardio/338,cardio
cardio/339,cardio
cardio/340,cardio
cardio/341,cardio
cardio/342,cardio
cardio/343,cardio
cardio/344,cardio
cardio/345,cardio
cardio/346,cardio
cardio/347,cardio
cardio/348,cardio
cardio/349,cardio
cardio/350,cardio
cardio/351,cardio
cardio/352,cardio
cardio/353,cardio
cardio/354,cardio
cardio/355,cardio
cardio/356,cardio
cardio/357,cardio
cardio/358,cardio
cardio/359,cardio
cardio/360,cardio
cardio/361,cardio
cardio/362,cardio
cardio/363,cardio
cardio/364,cardio
cardio/365,cardio
cardio/366,cardio
cardio/367,cardio
cardio/368,cardio
cardio/369,cardio
cardio/370,cardio
cardio/371,cardio
cardio/372,cardio
cardio/373,cardio
cardio/374,cardio
cardio/375,cardio
cardio/376,cardio
cardio/377,cardio
cardio/378,cardio
cardio/379,cardio
cardio/380,cardio
cardio/381,cardio
cardio/382,cardio
cardio/383,cardio
cardio/384,cardio
cardio/385,cardio
cardio/386,cardio
cardio/387,cardio
cardio/388,cardio
cardio/389,cardio
cardio/390,cardio
cardio/391,cardio
cardio/392,cardio
cardio/393,cardio
cardio/394,cardio
cardio/395,cardio
cardio/396,cardio
cardio/397,cardio
cardio/398,cardio
cardio/399,cardio
cardio/400,cardio
cardio/401,cardio
cardio/402,cardio
cardio/403,cardio
cardio/404,cardio
cardio/405,cardio
cardio/406,cardio
cardio/407,cardio
cardio/408,cardio
cardio/409,cardio
cardio/410,cardio
cardio/411,cardio
cardio/412,cardio
cardio/413,cardio
cardio/414,cardio
cardio/415,cardio
cardio/416,cardio
cardio/417,cardio
cardio/418,cardio
cardio/419,cardio
cardio/420,cardio
cardio/421,cardio
cardio/422,cardio
cardio/423,cardio
cardio/424,cardio
cardio/425,cardio
cardio/426,cardio
cardio/427,cardio
cardio/428,cardio
cardio/429,cardio
cardio/430,cardio
cardio/431,cardio
cardio/432,cardio
cardio/433,cardio
cardio/434,cardio
cardio/435,cardio
cardio/436,cardio
cardio/437,cardio
cardio/438,cardio
cardio/439,cardio
cardio/440,cardio
cardio/441,cardio
cardio/442,cardio
cardio/443,cardio
cardio/444,cardio
cardio/445,cardio
cardio/446,cardio
cardio/447,cardio
cardio/448,cardio
cardio/449,cardio
cardio/450,cardio
cardio/451,cardio
cardio/452,cardio
cardio/453,cardio
cardio/454,cardio
cardio/455,cardio
cardio/456,cardio
cardio/457,cardio
cardio/458,cardio
cardio/459,cardio
cardio/460,cardio
cardio/461,cardio
cardio/462,cardio
cardio/463,cardio
cardio/464,cardio
cardio/465,cardio
cardio/466,cardio
cardio/467,cardio
cardio/468,cardio
cardio/469,cardio
cardio/470,cardio
cardio/471,cardio
cardio/472,cardio
cardio/473,cardio
cardio/474,cardio
cardio/475,cardio
cardio/476,cardio
cardio/477,cardio
cardio/478,cardio
cardio/479,cardio
cardio/480,cardio
cardio/481,cardio
cardio/482,cardio
cardio/483,cardio
cardio/484,cardio
cardio/485,cardio
cardio/486,cardio
cardio/487,cardio
cardio/488,cardio
cardio/489,cardio
cardio/490,cardio
cardio/491,cardio
cardio/492,cardio
cardio/493,cardio
cardio/494,cardio
cardio/495,cardio
cardio/496,cardio
cardio/497,cardio
cardio/498,cardio
cardio/499,cardio
cardio/500,cardio
cardio/501,cardio
cardio/502,cardio
cardio/503,cardio
cardio/504,cardio
cardio/505,cardio
cardio/506,cardio
cardio/507,cardio
cardio/508,cardio
cardio/509,cardio
cardio/510,cardio
cardio/511,cardio
cardio/512,cardio
cardio/513,cardio
cardio/514,cardio
cardio/515,cardio
cardio/516,cardio
cardio/517,cardio
cardio/518,cardio
cardio/519,cardio
cardio/520,cardio
cardio/521,cardio
cardio/522,cardio
cardio/523,cardio
cardio/524,cardio
cardio/525,cardio
cardio/526,cardio
cardio/527,cardio
cardio/528,cardio
cardio/529,cardio
cardio/530,cardio
cardio/531,cardio
cardio/532,cardio
cardio/533,cardio
cardio/534,cardio
cardio/535,cardio
cardio/536,cardio
cardio/537,cardio
cardio/538,cardio
cardio/539,cardio
cardio/540,cardio
cardio/541,cardio
cardio/542,cardio
cardio/543,cardio
cardio/544,cardio
cardio/545,cardio
cardio/546,cardio
cardio/547,cardio
cardio/548,cardio
cardio/549,cardio
cardio/550,cardio
cardio/551,cardio
cardio/552,cardio
cardio/553,cardio
cardio/554,cardio
cardio/555,cardio
cardio/556,cardio
cardio/557,cardio
cardio/558,cardio
cardio/559,cardio
cardio/560,cardio
cardio/561,cardio
cardio/562,cardio
cardio/563,cardio
cardio/564,cardio
cardio/565,cardio
cardio/566,cardio
cardio/567,cardio
cardio/568,cardio
cardio/569,cardio
cardio/570,cardio
cardio/571,cardio
cardio/572,cardio
cardio/573,cardio
cardio/574,cardio
cardio/575,cardio
cardio/576,cardio
cardio/577,cardio
cardio/578,cardio
cardio/579,cardio
cardio/580,cardio
cardio/581,cardio
cardio/582,cardio
cardio/583,cardio
cardio/584,cardio
cardio/585,cardio
cardio/586,cardio
cardio/587,cardio
cardio/588,cardio
cardio/589,cardio
cardio/590,cardio
cardio/591,cardio
cardio/592,cardio
cardio/593,cardio
cardio/594,cardio
cardio/595,cardio
cardio/596,cardio
cardio/597,cardio
cardio/598,cardio
cardio/599,cardio
cardio/600,cardio
cardio/601,cardio
cardio/602,cardio
cardio/603,cardio
cardio/604,cardio
cardio/605,cardio
cardio/606,cardio
cardio/607,cardio
cardio/608,cardio
cardio/609,cardio
cardio/610,cardio
cardio/611,cardio
cardio/612,cardio
cardio/613,cardio
cardio/614,cardio
cardio/615,cardio
cardio/616,cardio
cardio/617,cardio
cardio/618,cardio
cardio/619,cardio
cardio/620,cardio
cardio/621,cardio
cardio/622,cardio
cardio/623,cardio
cardio/624,cardio
cardio/625,cardio
cardio/626,cardio
cardio/627,cardio
cardio/628,cardio
cardio/629,cardio
cardio/630,cardio
cardio/631,cardio
cardio/632,cardio
cardio/633,cardio
cardio/634,cardio
cardio/635,cardio
cardio/636,cardio
cardio/637,cardio
cardio/638,cardio
cardio/639,cardio
cardio/640,cardio
cardio/641,cardio
cardio/642,cardio
cardio/643,cardio
cardio/644,cardio
cardio/645,cardio
cardio/646,cardio
cardio/647,cardio
cardio/648,cardio
cardio/649,cardio
cardio/650,cardio
cardio/651,cardio
cardio/652,cardio
cardio/653,cardio
cardio/654,cardio
cardio/655,cardio
cardio/656,cardio
cardio/657,cardio
cardio/658,cardio
cardio/659,cardio
cardio/660,cardio
cardio/661,cardio
cardio/662,cardio
cardio/663,cardio
cardio/664,cardio
cardio/665,cardio
cardio/666,cardio
cardio/667,cardio
cardio/668,cardio
cardio/669,cardio
cardio/670,cardio
cardio/671,cardio
cardio/672,cardio
cardio/673,cardio
cardio/674,cardio
cardio/675,cardio
cardio/676,cardio
cardio/677,cardio
cardio/678,cardio
cardio/679,cardio
cardio/680,cardio
cardio/681,cardio
cardio/682,cardio
cardio/683,cardio
cardio/684,cardio
cardio/685,cardio
cardio/686,cardio
cardio/687,cardio
cardio/688,cardio
cardio/689,cardio
cardio/690,cardio
cardio/691,cardio
cardio/692,cardio
cardio/693,cardio
cardio/694,cardio
cardio/695,cardio
cardio/696,cardio
cardio/697,cardio
cardio/698,cardio
cardio/699,cardio
cardio/700,cardio
cardio/701,cardio
cardio/702,cardio
cardio/703,cardio
cardio/704,cardio
cardio/705,cardio
cardio/706,cardio
cardio/707,cardio
cardio/708,cardio
cardio/709,cardio
cardio/710,cardio
cardio/711,cardio
cardio/712,cardio
cardio/713,cardio
cardio/714,cardio
cardio/715,cardio
cardio/716,cardio
cardio/717,cardio
cardio/718,cardio
cardio/719,cardio
cardio/720,cardio
cardio/721,cardio
cardio/722,cardio
cardio/723,cardio
cardio/724,cardio
cardio/725,cardio
cardio/726,cardio
cardio/727,cardio
cardio/728,cardio
cardio/729,cardio
cardio/730,cardio
cardio/731,cardio
cardio/732,cardio
cardio/733,cardio
cardio/734,cardio
cardio/735,cardio
cardio/736,cardio
cardio/737,cardio
cardio/738,cardio
cardio/739,cardio
cardio/740,cardio
cardio/741,cardio
cardio/742,cardio
cardio/743,cardio
cardio/744,cardio
cardio/745,cardio
cardio/746,cardio
cardio/747,cardio
cardio/748,cardio
cardio/749,cardio
cardio/750,cardio
cardio/751,cardio
cardio/752,cardio
cardio/753,cardio
cardio/754,cardio
cardio/755,cardio
cardio/756,cardio
cardio/757,cardio
cardio/758,cardio
cardio/759,cardio
cardio/760,cardio
cardio/761,cardio
cardio/762,cardio
cardio/763,cardio
cardio/764,cardio
cardio/765,cardio
cardio/766,cardio
cardio/767,cardio
cardio/768,cardio
cardio/769,cardio
cardio/770,cardio
cardio/771,cardio
cardio/772,cardio
cardio/773,cardio
cardio/774,cardio
cardio/775,cardio
cardio/776,cardio
cardio/777,cardio
cardio/778,cardio
cardio/779,cardio
cardio/780,cardio
cardio/781,cardio
cardio/782,cardio
cardio/783,cardio
cardio/784,cardio
cardio/785,cardio
cardio/786,cardio
cardio/787,cardio
cardio/788,cardio
cardio/789,cardio
cardio/790,cardio
cardio/791,cardio
cardio/792,cardio
cardio/793,cardio
cardio/794,cardio
cardio/795,cardio
cardio/796,cardio
cardio/797,cardio
cardio/798,cardio
cardio/799,cardio
cardio/800,cardio
cardio/801,cardio
cardio/802,cardio
cardio/803,cardio
cardio/804,cardio
cardio/805,cardio
cardio/806,cardio
cardio/807,cardio
cardio/808,cardio
cardio/809,cardio
cardio/810,cardio
cardio/811,cardio
cardio/812,cardio
cardio/813,cardio
cardio/814,cardio
cardio/815,cardio
cardio/816,cardio
cardio/817,cardio
cardio/818,cardio
cardio/819,cardio
cardio/820,cardio
cardio/821,cardio
cardio/822,cardio
cardio/823,cardio
cardio/824,cardio
cardio/825,cardio
cardio/826,cardio
cardio/827,cardio
cardio/828,cardio
cardio/829,cardio
cardio/830,cardio
cardio/831,cardio
cardio/832,cardio
cardio/833,cardio
cardio/834,cardio
cardio/835,cardio
cardio/836,cardio
cardio/837,cardio
cardio/838,cardio
cardio/839,cardio
cardio/840,cardio
cardio/841,cardio
cardio/842,cardio
cardio/843,cardio
cardio/844,cardio
cardio/845,cardio
cardio/846,cardio
cardio/847,cardio
cardio/848,cardio
cardio/849,cardio
cardio/850,cardio
cardio/851,cardio
cardio/852,cardio
cardio/853,cardio
cardio/854,cardio
cardio/855,cardio
cardio/856,cardio
cardio/857,cardio
cardio/858,cardio
cardio/859,cardio
cardio/860,cardio
cardio/861,cardio
cardio/862,cardio
cardio/863,cardio
cardio/864,cardio
cardio/865,cardio
cardio/866,cardio
cardio/867,cardio
cardio/868,cardio
cardio/869,cardio
cardio/870,cardio
cardio/871,cardio
cardio/872,cardio
cardio/873,cardio
cardio/874,cardio
cardio/875,cardio
cardio/876,cardio
cardio/877,cardio
cardio/878,cardio
cardio/879,cardio
cardio/880,cardio
cardio/881,cardio
cardio/882,cardio
cardio/883,cardio
cardio/884,cardio
cardio/885,cardio
cardio/886,cardio
cardio/887,cardio
cardio/888,cardio
cardio/889,cardio
cardio/890,cardio
cardio/891,cardio
cardio/892,cardio
cardio/893,cardio
cardio/894,cardio
cardio/895,cardio
cardio/896,cardio
cardio/897,cardio
cardio/898,cardio
cardio/899,cardio
cardio/900,cardio
cardio/901,cardio
cardio/902,cardio
cardio/903,cardio
cardio/904,cardio
cardio/905,cardio
cardio/906,cardio
cardio/907,cardio
cardio/908,cardio
cardio/909,cardio
cardio/910,cardio
cardio/911,cardio
cardio/912,cardio
cardio/913,cardio
cardio/914,cardio
cardio/915,cardio
cardio/916,cardio
cardio/917,cardio
cardio/918,cardio
cardio/919,cardio
cardio/920,cardio
cardio/921,cardio
cardio/922,cardio
cardio/923,cardio
cardio/924,cardio
cardio/925,cardio
cardio/926,cardio
cardio/927,cardio
cardio/928,cardio
cardio/929,cardio
cardio/930,cardio
cardio/931,cardio
cardio/932,cardio
cardio/933,cardio
cardio/934,cardio
cardio/935,cardio
cardio/936,cardio
cardio/937,cardio
cardio/938,cardio
cardio/939,cardio
cardio/940,cardio
cardio/941,cardio
cardio/942,cardio
cardio/943,cardio
cardio/944,cardio
cardio/945,cardio
cardio/946,cardio
cardio/947,cardio
cardio/948,cardio
cardio/949,cardio
cardio/950,cardio
cardio/951,cardio
cardio/952,cardio
cardio/953,cardio
cardio/954,cardio
cardio/955,cardio
cardio/956,cardio
cardio/957,cardio
cardio/958,cardio
cardio/959,cardio
cardio/960,cardio
cardio/961,cardio
cardio/962,cardio
cardio/963,cardio
cardio/964,cardio
cardio/965,cardio
cardio/966,cardio
cardio/967,cardio
cardio/968,cardio
cardio/969,cardio
cardio/970,cardio
cardio/971,cardio
cardio/972,cardio
cardio/973,cardio
cardio/974,cardio
cardio/975,cardio
cardio/976,cardio
cardio/977,cardio
cardio/978,cardio
cardio/979,cardio
cardio/980,cardio
cardio/981,cardio
cardio/982,cardio
cardio/983,cardio
cardio/984,cardio
cardio/985,cardio
cardio/986,cardio
cardio/987,cardio
cardio/988,cardio
cardio/989,cardio
cardio/990,cardio
cardio/991,cardio
cardio/992,cardio
cardio/993,cardio
cardio/994,cardio
cardio/995,cardio
cardio/996,cardio
cardio/997,cardio
cardio/998,cardio
cardio/999,cardio
cardio/1000,cardio
cardio/1001,cardio
cardio/1002,cardio
cardio/1003,cardio
cardio/1004,cardio
cardio/1005,cardio
cardio/1006,cardio
cardio/1007,cardio
cardio/1008,cardio
cardio/1009,cardio
cardio/1010,cardio
cardio/1011,cardio
cardio/1012,cardio
cardio/1013,cardio
cardio/1014,cardio
cardio/1015,cardio
cardio/1016,cardio
cardio/1017,cardio
cardio/1018,cardio
cardio/1019,cardio
cardio/1020,cardio
cardio/1021,cardio
cardio/1022,cardio
cardio/1023,cardio
cardio/1024,cardio
cardio/1025,cardio
cardio/1026,cardio
cardio/1027,cardio
cardio/1028,cardio
cardio/1029,cardio
cardio/1030,cardio
cardio/1031,cardio
cardio/1032,cardio
cardio/1033,cardio
cardio/1034,cardio
cardio/1035,cardio
cardio/1036,cardio
cardio/1037,cardio
cardio/1038,cardio
cns/0,cns
cns/1,cns
cns/2,cns
cns/3,cns
cns/4,cns
cns/5,cns
cns/6,cns
cns/7,cns
cns/8,cns
cns/9,cns
cns/10,cns
cns/11,cns
cns/12,cns
cns/13,cns
cns/14,cns
cns/15,cns
cns/16,cns
cns/17,cns
cns/18,cns
cns/19,cns
cns/20,cns
cns/21,cns
cns/22,cns
cns/23,cns
cns/24,cns
cns/25,cns
cns/26,cns
cns/27,cns
cns/28,cns
cns/29,cns
cns/30,cns
cns/31,cns
cns/32,cns
cns/33,cns
cns/34,cns
cns/35,cns
cns/36,cns
cns/37,cns
cns/38,cns
cns/39,cns
cns/40,cns
cns/41,cns
cns/42,cns
cns/43,cns
cns/44,cns
cns/45,cns
cns/46,cns
cns/47,cns
cns/48,cns
cns/49,cns
cns/50,cns
cns/51,cns
cns/52,cns
cns/53,cns
cns/54,cns
cns/55,cns
cns/56,cns
cns/57,cns
cns/58,cns
cns/59,cns
cns/60,cns
cns/61,cns
cns/62,cns
cns/63,cns
cns/64,cns
cns/65,cns
cns/66,cns
cns/67,cns
cns/68,cns
cns/69,cns
cns/70,cns
cns/71,cns
cns/72,cns
cns/73,cns
cns/74,cns
cns/75,cns
cns/76,cns
cns/77,cns
cns/78,cns
cns/79,cns
cns/80,cns
cns/81,cns
cns/82,cns
cns/83,cns
cns/84,cns
cns/85,cns
cns/86,cns
cns/87,cns
cns/88,cns
cns/89,cns
cns/90,cns
cns/91,cns
cns/92,cns
cns/93,cns
cns/94,cns
cns/95,cns
cns/96,cns
cns/97,cns
cns/98,cns
cns/99,cns
cns/100,cns
cns/101,cns
cns/102,cns
cns/103,cns
cns/104,cns
cns/105,cns
cns/106,cns
cns/107,cns
cns/108,cns
cns/109,cns
cns/110,cns
cns/111,cns
cns/112,cns
cns/113,cns
cns/114,cns
cns/115,cns
cns/116,cns
cns/117,cns
cns/118,cns
cns/119,cns
cns/120,cns
cns/121,cns
cns/122,cns
cns/123,cns
cns/124,cns
cns/125,cns
cns/126,cns
cns/127,cns
cns/128,cns
cns/129,cns
cns/130,cns
cns/131,cns
cns/132,cns
cns/133,cns
cns/134,cns
cns/135,cns
cns/136,cns
cns/137,cns
cns/138,cns
cns/139,cns
cns/140,cns
cns/141,cns
cns/142,cns
cns/143,cns
cns/144,cns
cns/145,cns
cns/146,cns
cns/147,cns
cns/148,cns
cns/149,cns
cns/150,cns
cns/151,cns
cns/152,cns
cns/153,cns
cns/154,cns
cns/155,cns
cns/156,cns
cns/157,cns
cns/158,cns
cns/159,cns
cns/160,cns
cns/161,cns
cns/162,cns
cns/163,cns
cns/164,cns
cns/165,cns
cns/166,cns
cns/167,cns
cns/168,cns
cns/169,cns
cns/170,cns
cns/171,cns
cns/172,cns
cns/173,cns
cns/174,cns
cns/175,cns
cns/176,cns
cns/177,cns
cns/178,cns
cns/179,cns
cns/180,cns
cns/181,cns
cns/182,cns
cns/183,cns
cns/184,cns
cns/185,cns
cns/186,cns
cns/187,cns
cns/188,cns
cns/189,cns
cns/190,cns
cns/191,cns
cns/192,cns
cns/193,cns
cns/194,cns
cns/195,cns
cns/196,cns
cns/197,cns
cns/198,cns
cns/199,cns
cns/200,cns
cns/201,cns
cns/202,cns
cns/203,cns
cns/204,cns
cns/205,cns
cns/206,cns
cns/207,cns
cns/208,cns
cns/209,cns
cns/210,cns
cns/211,cns
cns/212,cns
cns/213,cns
cns/214,cns
cns/215,cns
cns/216,cns
cns/217,cns
cns/218,cns
cns/219,cns
cns/220,cns
cns/221,cns
cns/222,cns
cns/223,cns
cns/224,cns
cns/225,cns
cns/226,cns
cns/227,cns
cns/228,cns
cns/229,cns
cns/230,cns
cns/231,cns
cns/232,cns
cns/233,cns
cns/234,cns
cns/235,cns
cns/236,cns
cns/237,cns
cns/238,cns
cns/239,cns
cns/240,cns
cns/241,cns
cns/242,cns
cns/243,cns
cns/244,cns
cns/245,cns
cns/246,cns
cns/247,cns
cns/248,cns
cns/249,cns
cns/250,cns
cns/251,cns
cns/252,cns
cns/253,cns
cns/254,cns
cns/255,cns
cns/256,cns
cns/257,cns
cns/258,cns
cns/259,cns
cns/260,cns
cns/261,cns
cns/262,cns
cns/263,cns
cns/264,cns
cns/265,cns
cns/266,cns
cns/267,cns
cns/268,cns
cns/269,cns
cns/270,cns
cns/271,cns
cns/272,cns
cns/273,cns
cns/274,cns
cns/275,cns
cns/276,cns
cns/277,cns
cns/278,cns
cns/279,cns
cns/280,cns
cns/281,cns
cns/282,cns
cns/283,cns
cns/284,cns
cns/285,cns
cns/286,cns
cns/287,cns
cns/288,cns
cns/289,cns
cns/290,cns
cns/291,cns
cns/292,cns
cns/293,cns
cns/294,cns
cns/295,cns
cns/296,cns
cns/297,cns
cns/298,cns
cns/299,cns
cns/300,cns
cns/301,cns
cns/302,cns
cns/303,cns
cns/304,cns
cns/305,cns
cns/306,cns
cns/307,cns
cns/308,cns
cns/309,cns
cns/310,cns
cns/311,cns
cns/312,cns
cns/313,cns
cns/314,cns
cns/315,cns
cns/316,cns
cns/317,cns
cns/318,cns
cns/319,cns
cns/320,cns
cns/321,cns
cns/322,cns
cns/323,cns
cns/324,cns
cns/325,cns
cns/326,cns
cns/327,cns
cns/328,cns
cns/329,cns
cns/330,cns
cns/331,cns
cns/332,cns
cns/333,cns
cns/334,cns
cns/335,cns
cns/336,cns
cns/337,cns
cns/338,cns
cns/339,cns
cns/340,cns
cns/341,cns
cns/342,cns
cns/343,cns
cns/344,cns
cns/345,cns
cns/346,cns
cns/347,cns
cns/348,cns
cns/349,cns
cns/350,cns
cns/351,cns
cns/352,cns
cns/353,cns
cns/354,cns
cns/355,cns
cns/356,cns
cns/357,cns
cns/358,cns
cns/359,cns
cns/360,cns
cns/361,cns
cns/362,cns
cns/363,cns
cns/364,cns
cns/365,cns
cns/366,cns
cns/367,cns
cns/368,cns
cns/369,cns
cns/370,cns
cns/371,cns
cns/372,cns
cns/373,cns
cns/374,cns
cns/375,cns
cns/376,cns
cns/377,cns
cns/378,cns
cns/379,cns
cns/380,cns
cns/381,cns
cns/382,cns
cns/383,cns
cns/384,cns
cns/385,cns
cns/386,cns
cns/387,cns
cns/388,cns
cns/389,cns
cns/390,cns
cns/391,cns
cns/392,cns
cns/393,cns
cns/394,cns
cns/395,cns
cns/396,cns
cns/397,cns
cns/398,cns
cns/399,cns
cns/400,cns
cns/401,cns
cns/402,cns
cns/403,cns
cns/404,cns
cns/405,cns
cns/406,cns
cns/407,cns
cns/408,cns
cns/409,cns
cns/410,cns
cns/411,cns
cns/412,cns
cns/413,cns
cns/414,cns
cns/415,cns
cns/416,cns
cns/417,cns
cns/418,cns
cns/419,cns
cns/420,cns
cns/421,cns
cns/422,cns
cns/423,cns
cns/424,cns
cns/425,cns
cns/426,cns
cns/427,cns
cns/428,cns
cns/429,cns
cns/430,cns
cns/431,cns
cns/432,cns
cns/433,cns
cns/434,cns
cns/435,cns
cns/436,cns
cns/437,cns
cns/438,cns
cns/439,cns
cns/440,cns
cns/441,cns
cns/442,cns
cns/443,cns
cns/444,cns
cns/445,cns
cns/446,cns
cns/447,cns
cns/448,cns
cns/449,cns
cns/450,cns
cns/451,cns
cns/452,cns
cns/453,cns
cns/454,cns
cns/455,cns
cns/456,cns
cns/457,cns
cns/458,cns
cns/459,cns
cns/460,cns
cns/461,cns
cns/462,cns
cns/463,cns
cns/464,cns
cns/465,cns
cns/466,cns
cns/467,cns
cns/468,cns
cns/469,cns
cns/470,cns
cns/471,cns
cns/472,cns
cns/473,cns
cns/474,cns
cns/475,cns
cns/476,cns
cns/477,cns
cns/478,cns
cns/479,cns
cns/480,cns
cns/481,cns
cns/482,cns
cns/483,cns
cns/484,cns
cns/485,cns
cns/486,cns
cns/487,cns
cns/488,cns
cns/489,cns
cns/490,cns
cns/491,cns
cns/492,cns
cns/493,cns
cns/494,cns
cns/495,cns
cns/496,cns
cns/497,cns
cns/498,cns
cns/499,cns
cns/500,cns
cns/501,cns
cns/502,cns
cns/503,cns
cns/504,cns
cns/505,cns
cns/506,cns
cns/507,cns
cns/508,cns
cns/509,cns
cns/510,cns
cns/511,cns
cns/512,cns
cns/513,cns
cns/514,cns
cns/515,cns
cns/516,cns
cns/517,cns
cns/518,cns
cns/519,cns
cns/520,cns
cns/521,cns
cns/522,cns
cns/523,cns
cns/524,cns
cns/525,cns
cns/526,cns
cns/527,cns
cns/528,cns
cns/529,cns
cns/530,cns
cns/531,cns
cns/532,cns
cns/533,cns
cns/534,cns
cns/535,cns
cns/536,cns
cns/537,cns
cns/538,cns
cns/539,cns
cns/540,cns
cns/541,cns
cns/542,cns
cns/543,cns
cns/544,cns
cns/545,cns
cns/546,cns
cns/547,cns
cns/548,cns
cns/549,cns
cns/550,cns
cns/551,cns
cns/552,cns
cns/553,cns
cns/554,cns
cns/555,cns
cns/556,cns
cns/557,cns
cns/558,cns
cns/559,cns
cns/560,cns
cns/561,cns
cns/562,cns
cns/563,cns
cns/564,cns
cns/565,cns
cns/566,cns
cns/567,cns
cns/568,cns
cns/569,cns
cns/570,cns
cns/571,cns
cns/572,cns
cns/573,cns
cns/574,cns
cns/575,cns
cns/576,cns
cns/577,cns
cns/578,cns
cns/579,cns
cns/580,cns
cns/581,cns
cns/582,cns
cns/583,cns
cns/584,cns
cns/585,cns
cns/586,cns
cns/587,cns
cns/588,cns
cns/589,cns
cns/590,cns
cns/591,cns
cns/592,cns
cns/593,cns
cns/594,cns
cns/595,cns
cns/596,cns
cns/597,cns
cns/598,cns
cns/599,cns
cns/600,cns
cns/601,cns
cns/602,cns
cns/603,cns
cns/604,cns
cns/605,cns
cns/606,cns
cns/607,cns
cns/608,cns
cns/609,cns
cns/610,cns
cns/611,cns
cns/612,cns
cns/613,cns
cns/614,cns
cns/615,cns
cns/616,cns
cns/617,cns
cns/618,cns
cns/619,cns
cns/620,cns
cns/621,cns
cns/622,cns
cns/623,cns
cns/624,cns
cns/625,cns
cns/626,cns
cns/627,cns
cns/628,cns
cns/629,cns
cns/630,cns
cns/631,cns
cns/632,cns
cns/633,cns
cns/634,cns
cns/635,cns
cns/636,cns
cns/637,cns
cns/638,cns
cns/639,cns
cns/640,cns
cns/641,cns
cns/642,cns
cns/643,cns
cns/644,cns
cns/645,cns
cns/646,cns
cns/647,cns
cns/648,cns
cns/649,cns
cns/650,cns
cns/651,cns
cns/652,cns
cns/653,cns
cns/654,cns
cns/655,cns
cns/656,cns
cns/657,cns
cns/658,cns
cns/659,cns
cns/660,cns
cns/661,cns
cns/662,cns
cns/663,cns
cns/664,cns
cns/665,cns
cns/666,cns
cns/667,cns
cns/668,cns
cns/669,cns
cns/670,cns
cns/671,cns
cns/672,cns
cns/673,cns
cns/674,cns
cns/675,cns
cns/676,cns
cns/677,cns
cns/678,cns
cns/679,cns
cns/680,cns
cns/681,cns
cns/682,cns
cns/683,cns
cns/684,cns
cns/685,cns
cns/686,cns
cns/687,cns
cns/688,cns
cns/689,cns
cns/690,cns
cns/691,cns
cns/692,cns
cns/693,cns
cns/694,cns
cns/695,cns
cns/696,cns
cns/697,cns
cns/698,cns
cns/699,cns
cns/700,cns
cns/701,cns
cns/702,cns
cns/703,cns
cns/704,cns
cns/705,cns
cns/706,cns
cns/707,cns
cns/708,cns
cns/709,cns
cns/710,cns
cns/711,cns
cns/712,cns
cns/713,cns
cns/714,cns
cns/715,cns
cns/716,cns
cns/717,cns
cns/718,cns
cns/719,cns
cns/720,cns
cns/721,cns
cns/722,cns
cns/723,cns
cns/724,cns
cns/725,cns
cns/726,cns
cns/727,cns
cns/728,cns
cns/729,cns
cns/730,cns
cns/731,cns
cns/732,cns
cns/733,cns
cns/734,cns
cns/735,cns
cns/736,cns
cns/737,cns
cns/738,cns
cns/739,cns
cns/740,cns
cns/741,cns
cns/742,cns
cns/743,cns
cns/744,cns
cns/745,cns
cns/746,cns
cns/747,cns
cns/748,cns
cns/749,cns
cns/750,cns
cns/751,cns
cns/752,cns
cns/753,cns
cns/754,cns
cns/755,cns
cns/756,cns
cns/757,cns
cns/758,cns
cns/759,cns
cns/760,cns
cns/761,cns
cns/762,cns
cns/763,cns
cns/764,cns
cns/765,cns
cns/766,cns
cns/767,cns
cns/768,cns
cns/769,cns
cns/770,cns
cns/771,cns
cns/772,cns
cns/773,cns
cns/774,cns
cns/775,cns
cns/776,cns
cns/777,cns
cns/778,cns
cns/779,cns
cns/780,cns
cns/781,cns
cns/782,cns
cns/783,cns
cns/784,cns
cns/785,cns
cns/786,cns
cns/787,cns
cns/788,cns
cns/789,cns
cns/790,cns
cns/791,cns
cns/792,cns
cns/793,cns
cns/794,cns
cns/795,cns
cns/796,cns
cns/797,cns
cns/798,cns
cns/799,cns
cns/800,cns
cns/801,cns
cns/802,cns
cns/803,cns
cns/804,cns
cns/805,cns
cns/806,cns
cns/807,cns
cns/808,cns
cns/809,cns
cns/810,cns
cns/811,cns
cns/812,cns
cns/813,cns
cns/814,cns
cns/815,cns
cns/816,cns
cns/817,cns
cns/818,cns
cns/819,cns
cns/820,cns
cns/821,cns
cns/822,cns
cns/823,cns
cns/824,cns
cns/825,cns
cns/826,cns
cns/827,cns
cns/828,cns
cns/829,cns
cns/830,cns
cns/831,cns
cns/832,cns
cns/833,cns
cns/834,cns
cns/835,cns
cns/836,cns
cns/837,cns
cns/838,cns
cns/839,cns
cns/840,cns
cns/841,cns
cns/842,cns
cns/843,cns
cns/844,cns
cns/845,cns
cns/846,cns
cns/847,cns
cns/848,cns
cns/849,cns
cns/850,cns
cns/851,cns
cns/852,cns
cns/853,cns
cns/854,cns
cns/855,cns
cns/856,cns
cns/857,cns
cns/858,cns
cns/859,cns
cns/860,cns
cns/861,cns
cns/862,cns
cns/863,cns
cns/864,cns
cns/865,cns
cns/866,cns
cns/867,cns
cns/868,cns
cns/869,cns
cns/870,cns
cns/871,cns
cns/872,cns
cns/873,cns
cns/874,cns
cns/875,cns
cns/876,cns
cns/877,cns
cns/878,cns
cns/879,cns
cns/880,cns
cns/881,cns
cns/882,cns
cns/883,cns
cns/884,cns
cns/885,cns
cns/886,cns
cns/887,cns
cns/888,cns
cns/889,cns
cns/890,cns
cns/891,cns
cns/892,cns
cns/893,cns
cns/894,cns
cns/895,cns
cns/896,cns
cns/897,cns
cns/898,cns
cns/899,cns
cns/900,cns
cns/901,cns
cns/902,cns
cns/903,cns
cns/904,cns
cns/905,cns
cns/906,cns
cns/907,cns
cns/908,cns
cns/909,cns
cns/910,cns
cns/911,cns
cns/912,cns
cns/913,cns
cns/914,cns
cns/915,cns
cns/916,cns
cns/917,cns
cns/918,cns
cns/919,cns
cns/920,cns
cns/921,cns
cns/922,cns
cns/923,cns
cns/924,cns
cns/925,cns
cns/926,cns
cns/927,cns
cns/928,cns
cns/929,cns
cns/930,cns
cns/931,cns
cns/932,cns
cns/933,cns
cns/934,cns
cns/935,cns
cns/936,cns
cns/937,cns
cns/938,cns
cns/939,cns
cns/940,cns
cns/941,cns
cns/942,cns
cns/943,cns
cns/944,cns
cns/945,cns
cns/946,cns
cns/947,cns
cns/948,cns
cns/949,cns
cns/950,cns
cns/951,cns
cns/952,cns
cns/953,cns
cns/954,cns
cns/955,cns
cns/956,cns
cns/957,cns
cns/958,cns
cns/959,cns
cns/960,cns
cns/961,cns
cns/962,cns
cns/963,cns
cns/964,cns
cns/965,cns
cns/966,cns
cns/967,cns
cns/968,cns
cns/969,cns
cns/970,cns
cns/971,cns
cns/972,cns
cns/973,cns
cns/974,cns
cns/975,cns
cns/976,cns
cns/977,cns
cns/978,cns
cns/979,cns
cns/980,cns
cns/981,cns
cns/982,cns
cns/983,cns
cns/984,cns
cns/985,cns
cns/986,cns
cns/987,cns
cns/988,cns
cns/989,cns
cns/990,cns
cns/991,cns
cns/992,cns
cns/993,cns
cns/994,cns
cns/995,cns
cns/996,cns
cns/997,cns
cns/998,cns
cns/999,cns
cns/1000,cns
cns/1001,cns
cns/1002,cns
cns/1003,cns
cns/1004,cns
cns/1005,cns
cns/1006,cns
cns/1007,cns
cns/1008,cns
cns/1009,cns
cns/1010,cns
cns/1011,cns
cns/1012,cns
cns/1013,cns
cns/1014,cns
cns/1015,cns
cns/1016,cns
cns/1017,cns
cns/1018,cns
cns/1019,cns
cns/1020,cns
cns/1021,cns
cns/1022,cns
cns/1023,cns
cns/1024,cns
cns/1025,cns
cns/1026,cns
cns/1027,cns
cns/1028,cns
cns/1029,cns
cns/1030,cns
cns/1031,cns
cns/1032,cns
cns/1033,cns
cns/1034,cns
cns/1035,cns
cns/1036,cns
cns/1037,cns
cns/1038,cns
cns/1039,cns
cns/1040,cns
cns/1041,cns
cns/1042,cns
cns/1043,cns
cns/1044,cns
cns/1045,cns
cns/1046,cns
cns/1047,cns
cns/1048,cns
cns/1049,cns
cns/1050,cns
cns/1051,cns
cns/1052,cns
cns/1053,cns
cns/1054,cns
cns/1055,cns
cns/1056,cns
cns/1057,cns
cns/1058,cns
cns/1059,cns
cns/1060,cns
cns/1061,cns
cns/1062,cns
cns/1063,cns
cns/1064,cns
cns/1065,cns
cns/1066,cns
cns/1067,cns
cns/1068,cns
cns/1069,cns
cns/1070,cns
cns/1071,cns
cns/1072,cns
cns/1073,cns
cns/1074,cns
cns/1075,cns
cns/1076,cns
cns/1077,cns
cns/1078,cns
cns/1079,cns
cns/1080,cns
cns/1081,cns
cns/1082,cns
cns/1083,cns
cns/1084,cns
cns/1085,cns
cns/1086,cns
cns/1087,cns
cns/1088,cns
cns/1089,cns
cns/1090,cns
cns/1091,cns
cns/1092,cns
cns/1093,cns
cns/1094,cns
cns/1095,cns
cns/1096,cns
cns/1097,cns
cns/1098,cns
cns/1099,cns
cns/1100,cns
cns/1101,cns
cns/1102,cns
cns/1103,cns
cns/1104,cns
cns/1105,cns
cns/1106,cns
cns/1107,cns
cns/1108,cns
cns/1109,cns
cns/1110,cns
cns/1111,cns
cns/1112,cns
cns/1113,cns
cns/1114,cns
cns/1115,cns
cns/1116,cns
cns/1117,cns
cns/1118,cns
cns/1119,cns
cns/1120,cns
cns/1121,cns
cns/1122,cns
cns/1123,cns
cns/1124,cns
cns/1125,cns
cns/1126,cns
cns/1127,cns
cns/1128,cns
cns/1129,cns
cns/1130,cns
cns/1131,cns
cns/1132,cns
cns/1133,cns
cns/1134,cns
cns/1135,cns
cns/1136,cns
cns/1137,cns
cns/1138,cns
cns/1139,cns
cns/1140,cns
cns/1141,cns
cns/1142,cns
cns/1143,cns
cns/1144,cns
cns/1145,cns
cns/1146,cns
cns/1147,cns
cns/1148,cns
cns/1149,cns
cns/1150,cns
cns/1151,cns
cns/1152,cns
cns/1153,cns
cns/1154,cns
cns/1155,cns
cns/1156,cns
cns/1157,cns
cns/1158,cns
cns/1159,cns
cns/1160,cns
cns/1161,cns
cns/1162,cns
cns/1163,cns
cns/1164,cns
cns/1165,cns
cns/1166,cns
cns/1167,cns
cns/1168,cns
cns/1169,cns
cns/1170,cns
cns/1171,cns
cns/1172,cns
cns/1173,cns
cns/1174,cns
cns/1175,cns
cns/1176,cns
cns/1177,cns
cns/1178,cns
cns/1179,cns
cns/1180,cns
cns/1181,cns
cns/1182,cns
cns/1183,cns
cns/1184,cns
cns/1185,cns
cns/1186,cns
cns/1187,cns
cns/1188,cns
cns/1189,cns
cns/1190,cns
cns/1191,cns
cns/1192,cns
cns/1193,cns
cns/1194,cns
cns/1195,cns
cns/1196,cns
cns/1197,cns
cns/1198,cns
cns/1199,cns
cns/1200,cns
cns/1201,cns
cns/1202,cns
cns/1203,cns
cns/1204,cns
cns/1205,cns
cns/1206,cns
cns/1207,cns
cns/1208,cns
cns/1209,cns
cns/1210,cns
cns/1211,cns
cns/1212,cns
cns/1213,cns
cns/1214,cns
cns/1215,cns
cns/1216,cns
cns/1217,cns
cns/1218,cns
cns/1219,cns
cns/1220,cns
cns/1221,cns
cns/1222,cns
cns/1223,cns
cns/1224,cns
cns/1225,cns
cns/1226,cns
cns/1227,cns
cns/1228,cns
cns/1229,cns
cns/1230,cns
cns/1231,cns
cns/1232,cns
cns/1233,cns
cns/1234,cns
cns/1235,cns
cns/1236,cns
cns/1237,cns
cns/1238,cns
cns/1239,cns
cns/1240,cns
cns/1241,cns
cns/1242,cns
cns/1243,cns
cns/1244,cns
cns/1245,cns
cns/1246,cns
cns/1247,cns
cns/1248,cns
cns/1249,cns
cns/1250,cns
cns/1251,cns
cns/1252,cns
cns/1253,cns
cns/1254,cns
cns/1255,cns
cns/1256,cns
cns/1257,cns
cns/1258,cns
cns/1259,cns
cns/1260,cns
cns/1261,cns
cns/1262,cns
cns/1263,cns
cns/1264,cns
cns/1265,cns
cns/1266,cns
cns/1267,cns
cns/1268,cns
cns/1269,cns
cns/1270,cns
cns/1271,cns
cns/1272,cns
cns/1273,cns
cns/1274,cns
cns/1275,cns
cns/1276,cns
cns/1277,cns
cns/1278,cns
cns/1279,cns
cns/1280,cns
cns/1281,cns
cns/1282,cns
cns/1283,cns
cns/1284,cns
cns/1285,cns
cns/1286,cns
cns/1287,cns
cns/1288,cns
cns/1289,cns
cns/1290,cns
cns/1291,cns
cns/1292,cns
cns/1293,cns
cns/1294,cns
cns/1295,cns
cns/1296,cns
cns/1297,cns
cns/1298,cns
cns/1299,cns
cns/1300,cns
cns/1301,cns
cns/1302,cns
cns/1303,cns
cns/1304,cns
cns/1305,cns
cns/1306,cns
cns/1307,cns
cns/1308,cns
cns/1309,cns
cns/1310,cns
cns/1311,cns
cns/1312,cns
cns/1313,cns
cns/1314,cns
cns/1315,cns
cns/1316,cns
cns/1317,cns
cns/1318,cns
cns/1319,cns
cns/1320,cns
cns/1321,cns
cns/1322,cns
cns/1323,cns
cns/1324,cns
cns/1325,cns
cns/1326,cns
cns/1327,cns
cns/1328,cns
cns/1329,cns
cns/1330,cns
cns/1331,cns
cns/1332,cns
cns/1333,cns
cns/1334,cns
cns/1335,cns
cns/1336,cns
cns/1337,cns
cns/1338,cns
cns/1339,cns
cns/1340,cns
cns/1341,cns
cns/1342,cns
cns/1343,cns
cns/1344,cns
cns/1345,cns
cns/1346,cns
cns/1347,cns
cns/1348,cns
cns/1349,cns
cns/1350,cns
cns/1351,cns
cns/1352,cns
cns/1353,cns
cns/1354,cns
cns/1355,cns
cns/1356,cns
cns/1357,cns
cns/1358,cns
cns/1359,cns
cns/1360,cns
cns/1361,cns
cns/1362,cns
cns/1363,cns
cns/1364,cns
cns/1365,cns
cns/1366,cns
cns/1367,cns
cns/1368,cns
cns/1369,cns
cns/1370,cns
cns/1371,cns
cns/1372,cns
cns/1373,cns
cns/1374,cns
cns/1375,cns
cns/1376,cns
cns/1377,cns
cns/1378,cns
cns/1379,cns
cns/1380,cns
cns/1381,cns
cns/1382,cns
cns/1383,cns
cns/1384,cns
cns/1385,cns
cns/1386,cns
cns/1387,cns
cns/1388,cns
cns/1389,cns
cns/1390,cns
cns/1391,cns
cns/1392,cns
cns/1393,cns
cns/1394,cns
cns/1395,cns
cns/1396,cns
cns/1397,cns
cns/1398,cns
cns/1399,cns
cns/1400,cns
cns/1401,cns
cns/1402,cns
cns/1403,cns
cns/1404,cns
cns/1405,cns
cns/1406,cns
cns/1407,cns
cns/1408,cns
cns/1409,cns
cns/1410,cns
cns/1411,cns
cns/1412,cns
cns/1413,cns
cns/1414,cns
cns/1415,cns
cns/1416,cns
cns/1417,cns
cns/1418,cns
cns/1419,cns
cns/1420,cns
cns/1421,cns
cns/1422,cns
cns/1423,cns
cns/1424,cns
cns/1425,cns
cns/1426,cns
cns/1427,cns
cns/1428,cns
cns/1429,cns
cns/1430,cns
cns/1431,cns
cns/1432,cns
cns/1433,cns
cns/1434,cns
cns/1435,cns
cns/1436,cns
cns/1437,cns
cns/1438,cns
cns/1439,cns
cns/1440,cns
cns/1441,cns
cns/1442,cns
cns/1443,cns
cns/1444,cns
cns/1445,cns
cns/1446,cns
cns/1447,cns
cns/1448,cns
cns/1449,cns
cns/1450,cns
cns/1451,cns
cns/1452,cns
cns/1453,cns
cns/1454,cns
cns/1455,cns
cns/1456,cns
cns/1457,cns
cns/1458,cns
cns/1459,cns
cns/1460,cns
cns/1461,cns
cns/1462,cns
cns/1463,cns
cns/1464,cns
cns/1465,cns
cns/1466,cns
cns/1467,cns
cns/1468,cns
cns/1469,cns
cns/1470,cns
cns/1471,cns
cns/1472,cns
cns/1473,cns
cns/1474,cns
cns/1475,cns
cns/1476,cns
cns/1477,cns
cns/1478,cns
cns/1479,cns
cns/1480,cns
cns/1481,cns
cns/1482,cns
cns/1483,cns
cns/1484,cns
cns/1485,cns
cns/1486,cns
cns/1487,cns
cns/1488,cns
cns/1489,cns
cns/1490,cns
cns/1491,cns
cns/1492,cns
cns/1493,cns
cns/1494,cns
cns/1495,cns
cns/1496,cns
cns/1497,cns
cns/1498,cns
cns/1499,cns
cns/1500,cns
